Stock Code,Name
1.0,CKH HOLDINGS
2.0,CLP HOLDINGS
3.0,HK & CHINA GAS
4.0,WHARF HOLDINGS
5.0,HSBC HOLDINGS
6.0,POWER ASSETS
7.0,WISDOM WEALTH
8.0,PCCW
9.0,KEYNE LTD
10.0,HANG LUNG GROUP
11.0,HANG SENG BANK
12.0,HENDERSON LAND
13.0,HUTCHMED
14.0,HYSAN DEV
16.0,SHK PPT
17.0,NEW WORLD DEV
18.0,ORIENTAL E H
19.0,SWIRE PACIFIC A
20.0,SENSETIME-W
21.0,GREAT CHI HLDGS
22.0,MEXAN
23.0,BANK OF E ASIA
25.0,CHEVALIER INT'L
26.0,CHINA MOTOR BUS
27.0,GALAXY ENT
28.0,TIAN AN
29.0,DYNAMIC HOLD
30.0,YNBY INTL
31.0,CHINA AEROSPACE
32.0,CROSS-HAR(HOLD)
33.0,INTL GENIUS
34.0,KOWLOON DEV
35.0,FE CONSORT INTL
36.0,FE HLDGS INTL
37.0,FE HOTELS
38.0,FIRST TRACTOR
39.0,CH BEIDAHUANG
40.0,GOLD PEAK
41.0,GREAT EAGLE H
42.0,NE ELECTRIC
45.0,HK&S HOTELS
46.0,COMPUTER & TECH
48.0,C AUTO INT DECO
50.0,HK FERRY (HOLD)
51.0,HARBOUR CENTRE
52.0,FAIRWOOD HOLD
53.0,GUOCO GROUP
55.0,NEWAY GROUP
57.0,CHEN HSONG HOLD
58.0,SUNWAY INT'L
59.0,SKYFAME REALTY
60.0,HK FOOD INV
61.0,GREEN LEADER
62.0,TRANSPORT INT'L
63.0,CHI ASIA VALLEY
64.0,GET NICE
65.0,GRAND OCEAN AR
66.0,MTR CORPORATION
69.0,SHANGRI-LA ASIA
70.0,RICH GOLDMAN
71.0,MIRAMAR HOTEL
72.0,META MEDIA
73.0,ASIAN CITRUS
75.0,Y.T. REALTY
76.0,ELATE HOLDINGS
77.0,AMS TRANSPORT
78.0,REGAL INT'L
79.0,CENTURY LEGEND
80.0,CNEWECON FUND
81.0,CH OVS G OCEANS
82.0,CRAZY SPORTS
83.0,SINO LAND
84.0,STELUX HOLDINGS
85.0,CE HUADA TECH
86.0,SUN HUNG KAI CO
87.0,SWIRE PACIFIC B
88.0,TAI CHEUNG HOLD
89.0,TAI SANG LAND
90.0,PUXING ENERGY
92.0,CHAMPION TECH
93.0,TERMBRAY IND
94.0,GREENHEART GP
95.0,LVGEM CHINA
96.0,YUSEI
97.0,HENDERSON INV
98.0,XINGFA ALUM
99.0,WONG'S INT'L
101.0,HANG LUNG PPT
103.0,SHOUGANG CENT
104.0,ASIA COMM HOLD
105.0,ASSO INT HOTELS
106.0,LANDSEA MGMT
107.0,SICHUAN EXPRESS
108.0,GR LIFE STYLE
110.0,CHINA FORTUNE
111.0,CINDA INTL HLDG
113.0,DICKSON CONCEPT
114.0,HERALD HOLD
115.0,GRAND FIELD GP
116.0,CHOW SANG SANG
117.0,TIANLI HOLDINGS
118.0,COSMOS MACH
119.0,POLY PROPERTY
120.0,COSMOPOL INT'L
122.0,CROCODILE
123.0,YUEXIU PROPERTY
124.0,GD LAND
125.0,SUN HING VISION
126.0,CARRIANNA
127.0,CHINESE EST H
128.0,ENM HOLDINGS
129.0,ASIA STANDARD
130.0,MOISELLE INT'L
131.0,CHEUK NANG HOLD
132.0,HING YIP HLDGS
133.0,CHINA MERCHANTS
135.0,KUNLUN ENERGY
136.0,CHINA RUYI
137.0,JINHUI HOLDINGS
138.0,CCT FORTIS
139.0,CENTRALWEALTHGP
142.0,FIRST PACIFIC
144.0,CHINA MER PORT
145.0,CCIAM FUTURE EN
146.0,TAI PING CARPET
147.0,IB SETTLEMENT
148.0,KINGBOARD HLDG
149.0,CH AGRI-PROD EX
150.0,HYPEBEAST
151.0,WANT WANT CHINA
152.0,SHENZHEN INT'L
154.0,BE ENVIRONMENT
156.0,LIPPO CHINA RES
157.0,NATURAL BEAUTY
158.0,MELBOURNE ENT
159.0,BROCKMAN MINING
160.0,HON KWOK LAND
162.0,CENTURY GINWA
163.0,EMPEROR INT'L
164.0,CHINA BAOLI TEC
165.0,CHINA EB LTD
166.0,NEWTIMES ENERGY
168.0,TSINGTAO BREW
169.0,WANDA HOTEL DEV
171.0,SILVER GRANT
173.0,K. WAH INT'L
174.0,GEMINI INV
175.0,GEELY AUTO
176.0,SUPERACTIVE GP
177.0,JIANGSU EXPRESS
178.0,SA SA INT'L
179.0,JOHNSON ELEC H
180.0,KADER HOLDINGS
181.0,FUJIAN HOLDINGS
182.0,CONCORD NE
183.0,WINFULL GP
184.0,KECK SENG INV
185.0,ZENSUN ENT
186.0,NIMBLE HOLDINGS
187.0,JINGCHENG MAC
188.0,SUNWAH KINGSWAY
189.0,DONGYUE GROUP
191.0,LAI SUN INT'L
193.0,CAPITAL ESTATE
194.0,LIU CHONG HING
195.0,GREENTECH INTL
196.0,HONGHUA GROUP
197.0,HENG TAI
199.0,ITC PROPERTIES
200.0,MELCO INT'L DEV
201.0,MAGNIFICENT
202.0,EVERCHINA INT'L
204.0,CAPITAL REALM
205.0,SEEC MEDIA
206.0,CM-ENERGY
207.0,JOY CITY PPT
209.0,WINSHINE SCI
210.0,DAPHNE INT'L
211.0,STYLAND HOLD
212.0,NANYANG HOLD
213.0,NATIONAL ELEC H
214.0,ASIA ORIENT
215.0,HUTCHTEL HK
216.0,CHINNEY INV
217.0,CHINA CHENGTONG
218.0,SWHYHK
219.0,SHUNHO PROPERTY
220.0,U-PRESID CHINA
222.0,MIN XIN HOLD
223.0,ELIFE HLDGS
224.0,PIONEER GLOBAL
225.0,POKFULAM
226.0,LIPPO
227.0,FIRST SHANGHAI
228.0,CHINA ENERGY
229.0,RAYMOND IND
230.0,MINMETALS LAND
232.0,CON AERO TECH
234.0,NEW CENTURY GP
235.0,CSC HOLDINGS
236.0,SAN MIGUEL HK
237.0,SAFETY GODOWN
239.0,PAK FAH YEOW
240.0,BUILD KING HOLD
241.0,ALI HEALTH
242.0,SHUN TAK HOLD
243.0,QPL INT'L
244.0,SINCERE
245.0,CHINA VERED FIN
247.0,TST PROPERTIES
248.0,HKC INT'L HOLD
251.0,SEA HOLDINGS
252.0,SE ASIA PPT
253.0,SHUNHO HOLDINGS
254.0,NUR HOLDINGS
255.0,LUNG KEE
256.0,CITYCHAMP
257.0,EB ENVIRONMENT
258.0,TOMSON GROUP
259.0,YEEBO (INT'L H)
261.0,GBA HOLDINGS
262.0,DESON DEV INT'L
264.0,CN INT DEV CORP
265.0,OV SERVICES
266.0,TIAN TECK LAND
267.0,CITIC
268.0,KINGDEE INT'L
270.0,GUANGDONG INV
271.0,ASIASEC PPT
272.0,SHUI ON LAND
274.0,RA SILK ROAD
276.0,MONGOLIA ENERGY
277.0,TERN PROPERTIES
279.0,ARTA TECHFIN
280.0,KING FOOK HOLD
285.0,BYD ELECTRONIC
286.0,AIDIGONG
287.0,WINFAIR INV
288.0,WH GROUP
289.0,WING ON CO
290.0,GOFINTECH INNOV
291.0,CHINA RES BEER
292.0,ASIA STD HOTEL
293.0,CATHAY PAC AIR
294.0,YANGTZEKIANG
295.0,KONG SUN HOLD
296.0,EMPEROR E HOTEL
297.0,SINOFERT
298.0,CHUANG'S CHINA
299.0,GLORY SUN LAND
301.0,SANVO CHEMICALS
302.0,CMGE
303.0,VTECH HOLDINGS
305.0,WULING MOTORS
306.0,KWOON CHUNG BUS
308.0,CHINA TRAVEL HK
309.0,XH NEWS MEDIA
310.0,PROSP INV HOLD
311.0,LUEN THAI
312.0,SHIRBLE STORE
313.0,RICHLY FIELD
314.0,SIPAI HEALTH
315.0,SMARTONE TELE
316.0,OOIL
317.0,COMEC
318.0,VONGROUP
320.0,COMPUTIME
321.0,TEXWINCA HOLD
322.0,TINGYI
323.0,MAANSHAN IRON
326.0,CHINA STAR ENT
327.0,PAX GLOBAL
328.0,ALCO HOLDINGS
329.0,OCI INTL
330.0,ESPRIT HOLDINGS
331.0,FSE LIFESTYLE
332.0,YUANHENG GAS
333.0,TOP FORM INT'L
334.0,CH DISPLAY OPT
335.0,UPBEST GROUP
336.0,HUABAO INTL
337.0,GREENLAND HK
338.0,SHANGHAI PECHEM
339.0,CORE ECON INV
340.0,TONGGUAN GOLD
341.0,CAFE DE CORAL H
343.0,CULTURECOM HOLD
345.0,VITASOY INT'L
346.0,YANCHANG PETRO
347.0,ANGANG STEEL
348.0,CHINAHEALTHWISE
351.0,ASIA ENERGY LOG
352.0,FORTUNE SUN
353.0,ENERGY INTINV
354.0,CHINASOFT INT'L
355.0,CENTURY C INT'L
356.0,DT CAPITAL
357.0,MEILAN AIRPORT
358.0,JIANGXI COPPER
360.0,NEW FOCUS AUTO
361.0,SINO GOLF HOLD
362.0,C ZENITH CHEM
363.0,SHANGHAI IND H
365.0,SINO ICT
366.0,LUKS GROUP (VN)
367.0,CHUANG'S INT'L
368.0,SUPERLAND GROUP
369.0,WING TAI PPT
370.0,CHINA BEST
371.0,BJ ENT WATER
372.0,PT INTL DEV
373.0,ALLIED GROUP
374.0,FOUR SEAS MER
375.0,YGM TRADING
376.0,YUNFENG FIN
377.0,CHINA HUAJUN GP
379.0,EG LEASING
380.0,CHINA PIPE
381.0,KIU HUNG-NEW
382.0,EDVANTAGE GROUP
383.0,CHINA MED&HCARE
384.0,CHINA GAS HOLD
385.0,CHINNEY ALLI
386.0,SINOPEC CORP
387.0,LEEPORT(HOLD)
388.0,HKEX
389.0,TONTINE WINES
390.0,CHINA RAILWAY
391.0,MEI AH ENTER
392.0,BEIJING ENT
393.0,GLORIOUS SUN
396.0,HING LEE (HK)
397.0,MINERVA GROUP
398.0,ORIENTAL WATCH
399.0,INNOVATIVE PHAR
400.0,INGDAN
401.0,WANJIA GROUP
403.0,STARLITE HOLD
406.0,YAU LEE HOLD
408.0,YIP'S CHEMICAL
410.0,SOHO CHINA
411.0,LAM SOON (HK)
412.0,SDHG
413.0,SC HOLDINGS
417.0,TSE SUI LUEN
418.0,FOUNDER HOLD
419.0,HUAYI TENCENT
420.0,FOUNTAIN SET
422.0,VMEP HOLDINGS
423.0,HKET HOLDINGS
424.0,MECOM PWR W2405
425.0,MINTH GROUP
426.0,ONE MEDIA GROUP
428.0,COCOON HOLDINGS
430.0,ORIENTAL EXPL
431.0,G CHINA FIN
432.0,PCPD
433.0,NORTH MINING
434.0,BOYAA
436.0,NU ENVIRO
438.0,IRICO NEWENERGY
439.0,KUANGCHI
440.0,DAH SING
442.0,DOMAINE POWER
444.0,SINCEREWATCH HK
450.0,HUNG HING PRINT
451.0,GCL NEWENERGY
455.0,TIANDA PHARMA
456.0,NEW CITY DEV
458.0,TRISTATE HOLD
459.0,LEGEND UPSTAR
460.0,SIHUAN PHARM
464.0,CHINA IN-TECH
465.0,FUTONG TECH
467.0,UNITEDENERGY GP
468.0,GAPACK
471.0,SILKWAVE INC
472.0,NEW SILKROAD
474.0,ACESO LIFE SCI
475.0,CENTRAL DEV H
476.0,EV DYNAMICS
480.0,HKR INT'L
482.0,SANDMARTIN INTL
483.0,BAUHAUS INT'L
484.0,FORGAME
485.0,CHINASINOSTAR
486.0,RUSAL
487.0,SUCCESSUNIVERSE
488.0,LAI SUN DEV
489.0,DONGFENG GROUP
491.0,EMPEROR CULTURE
493.0,GOME RETAIL
495.0,PALADIN
496.0,KASEN
497.0,CSI PROPERTIES
498.0,BLUE RIVER HLDG
499.0,QINGDAO HLDGS
500.0,FRONTIER SER
505.0,XINGYE ALLOY
506.0,CHINA FOODS
508.0,DINGYI GP INV
509.0,SUNSHINE
510.0,CASH FIN SER GP
511.0,TVB
512.0,GRAND PHARMA
513.0,CONTINENTAL H
515.0,CHINASILVER TEC
517.0,COSCO SHIP INTL
518.0,TUNGTEX (HOLD)
519.0,APPLIED DEV
520.0,XIABUXIABU
522.0,ASMPT
524.0,GW TERROIR
525.0,GUANGSHEN RAIL
526.0,LISI GP HOLD
528.0,KINGDOM HOLDING
529.0,SIS INT'L
531.0,SAMSON HOLDING
532.0,WKK INTL (HOLD)
533.0,GOLDLION HOLD
535.0,GEMDALE PPT
536.0,TRADELINK
538.0,AJISEN (CHINA)
540.0,SPEEDY GLOBAL
542.0,CN CULTURAL T&A
543.0,PACIFIC ONLINE
544.0,DAIDO GROUP
546.0,FUFENG GROUP
547.0,DIGITAL DOMAIN
548.0,SHENZHENEXPRESS
550.0,KINGKEY INT CUL
551.0,YUE YUEN IND
552.0,CHINACOMSERVICE
553.0,NANJING PANDA
554.0,HANS ENERGY
556.0,PAN ASIA ENVIRO
557.0,TIANYUAN HEALTH
558.0,LK TECH
559.0,DETAI NEWENERGY
560.0,CHU KONG SHIP
563.0,SH IND URBAN
564.0,ZMJ
565.0,ART GROUP HOLD
567.0,DAISHOMICROLINE
568.0,SHANDONG MOLONG
571.0,ESUN HOLDINGS
572.0,FW HOLDINGS
573.0,TAO HEUNG HLDGS
574.0,PASHUN INT'L
575.0,REGENT PACIFIC
576.0,ZHEJIANGEXPRESS
579.0,JNCEC
580.0,SUN.KING TECH
581.0,CHINA ORIENTAL
582.0,SHIN HWA WORLD
583.0,GWPA HOLDINGS
585.0,IMAGI INT'L
586.0,CONCH VENTURE
587.0,CONCH ENVIRO
588.0,BEIJING N STAR
589.0,JIANZHONG CONS
590.0,LUK FOOK HOLD
591.0,C HIGHPRECISION
592.0,BOSSINI INT'L
593.0,DREAMEAST
595.0,AV CONCEPT HOLD
596.0,INSPUR DIGI ENT
598.0,SINOTRANS
599.0,E. BON HOLDINGS
601.0,REMT
602.0,JIAHUA STORES H
603.0,CHINA OIL & GAS
604.0,SHENZHEN INVEST
605.0,C FIN SERVICES
606.0,SCE CM
607.0,FULLSHARE
608.0,HIGH FASHION
609.0,TIANDE CHEMICAL
610.0,WAI KEE HOLD
611.0,CNE TECH CORP
612.0,DING YI FENG
613.0,PLANETREE INT'L
616.0,EMINENCE ENT
617.0,PALIBURG HOLD
618.0,PKU RESOURCES
619.0,SOUTH CHINA FIN
620.0,DTXS SILK ROAD
622.0,OSHIDORI
623.0,SINOMEDIA
626.0,PUBLIC FIN HOLD
627.0,JAPAN KYOSEI
628.0,GOME FIN TECH
629.0,YUE DA INTL
630.0,AMCO UNITED
631.0,SANY INT'L
632.0,CHK OIL
635.0,PLAYMATES
636.0,KERRY LOG NET
637.0,LEE KEE
638.0,KIN YAT HOLD
639.0,SHOUGANG RES
640.0,INFINITY DEV
641.0,CHTC FONG'S INT
643.0,CARRY WEALTH
645.0,ARES ASIA
646.0,CHINA ENV TEC
650.0,PRODUCTIVE TECH
653.0,BONJOUR HOLD
655.0,HK CHINESE LTD
656.0,FOSUN INTL
657.0,G-VISION INT'L
658.0,C TRANSMISSION
659.0,NWS HOLDINGS
660.0,WAI CHUN BIOTEC
661.0,CDAYENONFER
662.0,ASIA FINANCIAL
663.0,KING STONE ENGY
666.0,REPT BATTERO
667.0,CHINA EAST EDU
668.0,DOYEN INTL HOLD
669.0,TECHTRONIC IND
670.0,CHINA EAST AIR
672.0,ZHONGAN GROUP
673.0,CHINA HEALTH
674.0,CHINA TANGSHANG
675.0,K & P INT'L
676.0,PEGASUS INT'L
677.0,GOLDEN RES DEV
679.0,ASIA TELE-NET
681.0,CHI PEOPLE HOLD
682.0,CHAODA MODERN
683.0,KERRY PPT
684.0,ALLAN INT'L
685.0,MEDIA CHINESE
686.0,BJ ENERGY INTL
687.0,TYSAN HOLDINGS
688.0,CHINA OVERSEAS
689.0,EPI (HOLDINGS)
690.0,UNI-BIO GROUP
691.0,SHANSHUI CEMENT
693.0,TAN CHONG INT'L
694.0,BEIJING AIRPORT
695.0,DONGWU CEMENT
696.0,TRAVELSKY TECH
697.0,SHOUCHENG
698.0,TONGDA GROUP
700.0,TENCENT
701.0,CNT GROUP
703.0,FUTURE BRIGHT
704.0,HUSCOKE HLDGS
707.0,ATV HOLDINGS
708.0,EVERG VEHICLE
709.0,GIORDANO INT'L
710.0,BOE VARITRONIX
711.0,ASIA ALLIED INF
712.0,COMTEC SOLAR
713.0,WORLD HOUSEWARE
716.0,SINGAMAS CONT
717.0,EMPEROR CAPITAL
718.0,TAI UNITED HOLD
719.0,SHANDONG XINHUA
720.0,AUTO ITALIA
722.0,UMP
723.0,RELIANCE GLO HL
724.0,RUIXIN INT'L
725.0,PERENNIAL INT'L
726.0,DIT GROUP
728.0,CHINA TELECOM
730.0,CAPITAL IND FIN
731.0,C&D NEWIN
732.0,TRULY INT'L
733.0,HOPEFLUENT
736.0,CHINA PPT INV
737.0,BAY AREA DEV
738.0,LE SAUNDA
743.0,ASIA CEMENT CH
745.0,CN CULTURE GP
746.0,L & M CHEMICAL
747.0,SHENYANG PUBLIC
750.0,SFSY ENERGY
751.0,SKYWORTH GROUP
752.0,PICO FAR EAST
753.0,AIR CHINA
754.0,HOPSON DEV HOLD
755.0,SHANGHAI ZENDAI
756.0,SUMMI
757.0,SOLARGIGA
759.0,CEC INT'L HOLD
760.0,TALENT PPT GP
762.0,CHINA UNICOM
763.0,ZTE
764.0,ETERNITY INV
765.0,PERFECTECH INTL
767.0,ZHONG JI LS
768.0,UBA INVESTMENTS
769.0,CHINA RAREEARTH
770.0,SHANGHAI GROWTH
771.0,AUTOMATED SYS
772.0,CHINA LIT
775.0,CKLIFE SCIENCES
776.0,IMPERIUM TEC GP
777.0,NETDRAGON
780.0,TONGCHENGTRAVEL
784.0,LING YUI
788.0,CHINA TOWER
789.0,ARTINI HLDG
794.0,COME SURE GROUP
797.0,7ROAD
798.0,CEOVU
799.0,IGG
800.0,A8 NEW MEDIA
802.0,CHINA E-WALLET
804.0,PINESTONE
806.0,VALUE PARTNERS
807.0,SIICENVIRONMENT
809.0,GLOBAL BIO-CHEM
810.0,CH CASTSON 81
811.0,XINHUA WINSHARE
812.0,SWSI
813.0,SHIMAO GROUP
814.0,JINGKELONG
815.0,CHI SILVER GP
816.0,JINMAO SERVICES
817.0,CHINA JINMAO
818.0,HI SUN TECH
819.0,TIANNENG POWER
821.0,VC HOLDINGS
822.0,KA SHUI INT'L
825.0,NWDS CHINA
826.0,TIANGONG INT'L
827.0,KO YO GROUP
828.0,DYNASTY WINES
829.0,SHENGUAN HLDGS
830.0,CSC DEVELOPMENT
831.0,CR ASIA
832.0,CENTRAL CHINA
833.0,ALLTRONICS
834.0,KANGDA FOOD
836.0,CHINA RES POWER
837.0,CARPENTER TAN
838.0,EVA HOLDINGS
839.0,CHINA EDU GROUP
840.0,TIANYE WATER
841.0,CASSAVA RES
842.0,LEOCH INT'L
844.0,GREATIME INTL
845.0,GLORIOUS PPT H
846.0,MINGFA GROUP
848.0,MAOYE INT'L
851.0,SHENG YUAN HLDG
852.0,STRONG PETRO
853.0,MICROPORT
854.0,WILLAS-ARRAY
855.0,CHINA WATER
856.0,VSTECS
857.0,PETROCHINA
858.0,EXTRAWELL PHAR
859.0,ZHONGCHANG INTL
860.0,APOLLO FMG
861.0,DC HOLDINGS
862.0,VISION VALUES
863.0,OSL GROUP
864.0,WING LEE PPT
865.0,JIANDE INT'L
866.0,CHINA QINFA
867.0,CMS
868.0,XINYI GLASS
869.0,PLAYMATES TOYS
871.0,CH DREDG ENV
873.0,SHIMAO SERVICES
874.0,BAIYUNSHAN PH
875.0,CHINA FIN INV
876.0,KAISA HEALTH
878.0,SOUNDWILL HOLD
880.0,SJM HOLDINGS
881.0,ZHONGSHENG HLDG
882.0,TIANJIN DEV
883.0,CNOOC
884.0,CIFI HOLD GP
887.0,EMPEROR WATCH&J
888.0,BISON FINANCE
889.0,DATRONIX HOLD
893.0,CHINAVTM MINING
894.0,MAN YUE TECH
895.0,DONGJIANG ENV
896.0,HANISON
897.0,WAI YUEN TONG
898.0,MULTIFIELD INTL
899.0,ZHONG JIA GX
900.0,AEON CREDIT
902.0,HUANENG POWER
905.0,WALNUT CAP
906.0,COFCO PACKAGING
907.0,ELEGANCEOPTICAL
909.0,MING YUAN CLOUD
910.0,CHINA SANDI
911.0,QIANHAI HEALTH
912.0,SUGA INT'L
913.0,HARBOUR DIGITAL
914.0,CONCH CEMENT
915.0,DAOHE GLOBAL
916.0,CHINA LONGYUAN
918.0,STATE EN ASSETS
919.0,MODERNHEALTHTEC
921.0,HISENSE HA
922.0,ANXIANYUAN CH
923.0,IWS
924.0,KHOON GROUP
925.0,BJ PROPERTIES
926.0,BESUNYEN
927.0,FUJIKON IND
928.0,KING INTL INV
929.0,IPE GROUP
931.0,CHINA HK POWER
932.0,SHUNTEN INTL
933.0,VIVA GOODS
934.0,SINOPEC KANTONS
936.0,KAISA CAPITAL
938.0,MAN SANG INT'L
939.0,CCB
941.0,CHINA MOBILE
943.0,ZHONGZHENG INTL
945.0,MANULIFE-S
947.0,MOBI DEV
948.0,ALPHA PRO HLDGS
950.0,LEE'S PHARM
951.0,CHAOWEI POWER
952.0,QUAM PLUS FIN
953.0,SHAW BROTHERS
954.0,CHANGMAO BIO
956.0,CHINA SUNTIEN
959.0,CENTURY ENT INT
960.0,LONGFOR GROUP
966.0,CHINA TAIPING
968.0,XINYI SOLAR
969.0,HUA LIEN INT'L
970.0,NEW SPARKLEROLL
973.0,L'OCCITANE
974.0,SKL
975.0,MONGOL MINING
976.0,CHIHO ENV
978.0,CHI MER LAND
979.0,GREEN ENERGY GP
980.0,LIANHUA
981.0,SMIC
982.0,HUAFA PPT SER
983.0,SOCAM DEV
984.0,AEON STORES
986.0,CH ENV ENERGY
987.0,CH RENEW EN INV
989.0,HUA YIN INTL H
990.0,THEME INT'L
991.0,DATANG POWER
992.0,LENOVO GROUP
993.0,HUARONG INT FIN
994.0,CT VISION SL
995.0,ANHUIEXPRESSWAY
997.0,CHINLINK INTL
998.0,CITIC BANK
1000.0,BEIJING MEDIA
1001.0,HK SH ALLIANCE
1002.0,V.S. INT'L
1003.0,HUANXI MEDIA
1004.0,C SMARTERENERGY
1005.0,MATRIX HOLDINGS
1007.0,LONGHUI INTL
1008.0,LITU HOLDINGS
1009.0,INT'L ENT
1010.0,BALK 1798 GP
1011.0,NT PHARMA
1013.0,WAI CHUN GROUP
1020.0,CYBERNAUT INT'L
1022.0,FEIYU
1023.0,SITOY GROUP
1024.0,KUAISHOU-W
1025.0,KNT HOLDINGS
1026.0,UNIVERSAL TECH
1027.0,CHINA JICHENG
1028.0,C.BANNER
1029.0,IRC
1030.0,SEAZEN
1033.0,SINOPEC SSC
1034.0,FULLWEALTH
1036.0,VANKE OVERSEAS
1037.0,MAXNERVA TECH
1038.0,CKI HOLDINGS
1039.0,CHANGYOU ALLI
1044.0,HENGAN INT'L
1045.0,APT SATELLITE
1046.0,UNIVERSE ENT
1047.0,NGAI HING HONG
1049.0,CELESTIAL ASIA
1050.0,KARRIE INT'L
1051.0,G-RESOURCES
1052.0,YUEXIUTRANSPORT
1053.0,CHONGQING IRON
1055.0,CHINA SOUTH AIR
1057.0,ZHEJIANG SHIBAO
1058.0,NAMYUE HOLDINGS
1059.0,KANTONE HOLDING
1060.0,ALI PICTURES
1061.0,ESSEX BIO-TECH
1062.0,CDB INT'L INV
1063.0,SUNCORP TECH
1064.0,ZHONG HUA INT'L
1065.0,TIANJIN CAPITAL
1066.0,WEIGAO GROUP
1068.0,YURUN FOOD
1069.0,CN HEALTH TECH
1070.0,TCL ELECTRONICS
1071.0,HUADIAN POWER
1072.0,DONGFANG ELEC
1073.0,DA YU FIN
1075.0,CAPINFO
1079.0,PINE TECH
1080.0,SHENGLI PIPE
1082.0,BDV EDU INTL
1083.0,TG SMART ENERGY
1084.0,GF HYDROCOLLOID
1085.0,HXTL
1086.0,GOODBABY INTL
1087.0,INVESTECH HLDGS
1088.0,CHINA SHENHUA
1090.0,DA MING INT'L
1091.0,SOUTH MANGANESE
1093.0,CSPC PHARMA
1094.0,CHERISH SUN
1097.0,I-CABLE COMM
1098.0,ROAD KING INFRA
1099.0,SINOPHARM
1100.0,MAINLAND HOLD
1101.0,HUARONG ENERGY
1102.0,ENVIRO ENERGY
1104.0,APAC RESOURCES
1105.0,SING TAO
1107.0,MODERN LAND
1108.0,TRIUMPH NEW EN
1109.0,CHINA RES LAND
1110.0,KINGWORLD
1111.0,HUASHI GROUP
1112.0,H&H INTL HLDG
1113.0,CK ASSET
1114.0,BRILLIANCE CHI
1115.0,TIBET WATER
1117.0,CH MODERN D
1118.0,GOLIK HOLDINGS
1119.0,IDREAMSKY
1120.0,ARTS OPTICAL
1121.0,GOLDENSOLAR
1122.0,QINGLING MOTORS
1123.0,CHINA-HK PHOTO
1124.0,COASTAL GL
1125.0,LAI FUNG HOLD
1126.0,DREAM INT'L
1127.0,LION ROCK GROUP
1128.0,WYNN MACAU
1129.0,WATER INDUSTRY
1130.0,CHINA ENV RES
1132.0,ORANGE SKY G H
1133.0,HARBIN ELECTRIC
1134.0,KELFRED
1137.0,HK TECH VENTURE
1138.0,COSCO SHIP ENGY
1140.0,WEALTHINK AI
1141.0,CMBC CAPITAL
1142.0,E&P GLOBAL
1143.0,CN ENGY STORAGE
1145.0,COURAGE INV
1146.0,CH OUTFITTERS
1147.0,EDENSOFT
1148.0,POWER XINCHEN
1150.0,MILAN STATION
1152.0,MOMENTUM FIN
1156.0,CHINANEWENERGY
1157.0,ZOOMLION
1159.0,STARLIGHT CUL
1160.0,GOLDSTONE CAP
1161.0,WATER OASIS GP
1162.0,LUMINA GROUP
1163.0,ADTIGER CORP
1164.0,CGN MINING
1165.0,SFCE
1166.0,SOLARTECH INT'L
1167.0,JACOBIO-B
1168.0,SINOLINK HOLD
1170.0,KINGMAKER
1171.0,YANKUANG ENERGY
1172.0,MAGNUSCONCORDIA
1173.0,VEEKO INT'L
1176.0,ZHUGUANG HOLD
1177.0,SINO BIOPHARM
1179.0,HWORLD-S
1180.0,PARADISE ENT
1181.0,TANG PALACE
1182.0,SUCCESS DRAGON
1183.0,MECOM POWER
1184.0,S.A.S. DRAGON
1185.0,CHINA ENERGINE
1186.0,CHINA RAIL CONS
1188.0,HYBRID KINETIC
1189.0,GBA DYNAMIC
1193.0,CHINA RES GAS
1195.0,KINGWELL GROUP
1196.0,REALORD GROUP
1198.0,ROYALE HOME
1199.0,COSCO SHIP PORT
1200.0,MIDLAND HOLDING
1201.0,TESSON HOLDINGS
1202.0,SIWI SCI & TECH
1203.0,GUANGNAN (HOLD)
1204.0,BOARDWARE INTEL
1205.0,CITIC RESOURCES
1206.0,TECHNOVATOR
1208.0,MMG
1209.0,CHINA RES MIXC
1211.0,BYD COMPANY
1213.0,MOBICON GROUP
1215.0,KAI YUAN HLDGS
1216.0,ZYBANK
1217.0,CH INNOVATION
1218.0,EASYKNIT INT'L
1220.0,ZHIDAO INT'L
1221.0,SINO HOTELS
1222.0,WANG ON GROUP
1223.0,SYMPHONY HOLD
1224.0,C C LAND
1225.0,LERADO FIN
1226.0,CH INV FIN GP
1228.0,CANBRIDGE-B
1229.0,NAN NAN RES
1231.0,NEWTON RES
1232.0,GW TIANDI
1233.0,TIMES CHINA
1234.0,CHINA LILANG
1235.0,TRAVEL EXPERT
1237.0,CH ENV TECH&BIO
1238.0,POWERLONG
1239.0,TEAMWAY INTL GP
1240.0,CNQC INT'L
1241.0,SHUANGHUA H
1243.0,WANG ON PPT
1244.0,3D MEDICINES
1245.0,NIRAKU
1246.0,BOILLHEALTHCARE
1247.0,MIKO INTL
1250.0,SDHS NEW ENERGY
1251.0,SPT ENERGY
1252.0,CHINA TIANRUI
1253.0,GREENLAND BROAD
1255.0,TATA HEALTH
1257.0,CEB GREENTECH
1258.0,CHINFMINING
1259.0,PROSPER FUTURE
1260.0,WONDERFUL SKY
1262.0,LABIXIAOXIN
1263.0,PC PARTNER
1265.0,TIANJINJINRAN
1268.0,MEIDONG AUTO
1269.0,FIRST CAP GP
1270.0,LANGHAM-SS
1271.0,GRAND MING
1272.0,DATANG ENVIRO
1273.0,HK FINANCE GP
1274.0,IMOTIONAUTOTECH
1277.0,KINETIC DEV
1278.0,CHINANEWTOWN
1280.0,QIDIAN GUOFENG
1281.0,XINDA INV HLDGS
1282.0,RENZE HARVEST
1283.0,ACCEL GROUP
1284.0,NEW MEDIA LAB
1285.0,JIASHILI GP
1286.0,IMPRO PRECISION
1288.0,ABC
1289.0,SUNLIT SCI
1290.0,CHINA HUIRONG
1292.0,CMA LOGISTICS
1293.0,GRAND BAOXIN
1297.0,SINOSOFT TECH
1298.0,YUNNAN ENERGY
1299.0,AIA
1300.0,TRIGIANT
1301.0,D&G TECH
1302.0,LIFETECH SCI
1303.0,HUILI RES
1305.0,WAI CHI HOLD
1308.0,SITC
1310.0,HKBN
1312.0,KONTA CHINA
1313.0,CR BLDG MAT TEC
1314.0,TSUI WAH HLDG
1315.0,GREEN ECONOMY
1316.0,NEXTEER
1317.0,MAPLELEAF EDU
1319.0,OIWAHPAWN
1321.0,CHINA NEWCITY
1323.0,HUASHENG INTL
1326.0,TRANSMIT ENT
1327.0,LUXXU GROUP
1328.0,GOLDSTREAM INV
1329.0,CAPITAL GRAND
1330.0,DYNAGREEN ENV
1332.0,TOUYUN BIOTECH
1335.0,SHEEN TAI
1336.0,NCI
1338.0,BAWANG GROUP
1339.0,PICC GROUP
1340.0,HUISHENG INTL
1341.0,HAO TIAN INTL
1343.0,WEI YUAN HLDG
1345.0,SH PIONEER HLDG
1346.0,LEVER STYLE
1347.0,HUA HONG SEMI
1348.0,QUALI-SMART
1349.0,FUDANZHANGJIANG
1351.0,BRIGHT FUTURE
1355.0,LEGEND STRAT
1357.0,MEITU
1358.0,PW MEDTECH
1359.0,CHINA CINDA
1361.0,361 DEGREES
1362.0,SIS MOBILE
1368.0,XTEP INT'L
1370.0,AOWEI HOLDING
1371.0,CHINA ECOTOUR
1372.0,C CARBONNEUTRAL
1373.0,IH RETAIL
1375.0,CC SECURITIES
1376.0,RAFFLESINTERIOR
1378.0,CHINAHONGQIAO
1379.0,WENLING MCT
1380.0,CHI KINGSTONE
1381.0,CANVEST ENV
1382.0,PACIFICTEXTILES
1385.0,SHANGHAI FUDAN
1388.0,EMBRY HOLDINGS
1389.0,MAJOR HLDGS
1393.0,HIDILI INDUSTRY
1395.0,ELL ENV
1396.0,GD-HKGBA HLDGS
1397.0,BAGUIO GREEN
1398.0,ICBC
1399.0,VESON HLDG
1400.0,MOODY TECH HLDG
1401.0,SPROCOMM INTEL
1402.0,I-CONTROL
1405.0,DPC DASH
1406.0,CLARITY MEDICAL
1407.0,JY GAS
1408.0,MACAU E&M
1410.0,EDVANCE INTL
1412.0,Q P GROUP
1413.0,KWONG LUEN ENG
1415.0,COWELL
1416.0,CTR HOLDINGS
1417.0,RIVERINE CHINA
1418.0,SINOMAX GROUP
1419.0,HUMAN HEALTH
1420.0,CHUAN HOLDING
1421.0,KINGBO STRIKE
1425.0,JUSTIN ALLEN H
1427.0,CH TIANBAO GP
1428.0,BRIGHT SMART
1429.0,SKYMISSION GP
1431.0,YST DAIRY
1432.0,CHINA SHENGMU
1433.0,CIRTEK HLDGS
1440.0,STAR SHINE HLDG
1442.0,INFINITY L&T
1443.0,FULUM GP HLDG
1446.0,HUNGFOOKTONG
1447.0,SFK
1448.0,FU SHOU YUAN
1449.0,LEADER EDU
1450.0,BE FRIENDS HLDG
1451.0,MS GROUP HLDGS
1452.0,DENOX ENV
1455.0,FOURACE IND GP
1456.0,GUOLIAN SEC
1458.0,ZHOU HEI YA
1459.0,JUJIANG CONS
1460.0,ICO GROUP
1461.0,ZHONGTAIFUTURES
1463.0,C-LINK SQ
1466.0,AFFLUENTPARTNER
1469.0,GET NICE FIN
1470.0,PROSPER ONE
1472.0,SANG HING HLDGS
1473.0,PANGAEA CONNECT
1475.0,NISSIN FOODS
1476.0,HENGTOU SEC
1477.0,OCUMENSION-B
1478.0,Q TECH
1480.0,YAN TAT GROUP
1481.0,SMART GLOBE
1483.0,NET-A-GO TECH
1486.0,C CHENG HLDGS
1488.0,BEST FOOD HLDG
1489.0,GC CONSTRUCTION
1490.0,CHESHI TECH
1495.0,JIYI HOLDINGS
1496.0,AP RENTALS
1497.0,YAN PALACE
1498.0,PURAPHARM
1499.0,OKG TECH
1500.0,INCON
1501.0,INT MEDICAL
1502.0,FIN STREET PPT
1508.0,CHINA RE
1513.0,LIVZON PHARMA
1515.0,CR MEDICAL
1516.0,SUNAC SERVICES
1518.0,NC HEALTHCARE
1519.0,J&T EXPRESS-W
1520.0,VIRTUAL MIND
1521.0,FRONTAGE
1522.0,BII TRANS TECH
1523.0,PLOVER BAY TECH
1525.0,GENCH EDU
1526.0,RICI HEALTH
1527.0,TENGY ENV
1528.0,RS MACALLINE
1529.0,YUES INTL HLDG
1530.0,3SBIO
1532.0,CHINA PARTYTIME
1536.0,YUK WING GP
1538.0,ZHONG AO HOME
1539.0,UNITY GP HLDGS
1540.0,LEFTFIELD PRINT
1541.0,IMMUNEONCO-B
1542.0,TAIZHOU WATER
1543.0,JOIN-SHARE
1545.0,DESIGN CAPITAL
1546.0,THELLOY DEV
1547.0,IBI GROUP HLDGS
1548.0,GENSCRIPT BIO
1549.0,EVER HARVEST GP
1551.0,GRCB
1552.0,BHCC HOLDING
1553.0,MAIKE TUBE
1555.0,MIE HOLDINGS
1556.0,CHINNEY KW
1557.0,K.H. GP HLDGS
1558.0,HEC CJ PHARM
1559.0,KWAN ON HLDGS
1560.0,STAR GROUP CO
1561.0,PAN ASIA DATA H
1563.0,ALLI INTL ED LE
1565.0,VIRSCEND EDU
1566.0,CA CULTURAL
1568.0,SUNDART HLDGS
1569.0,MINSHENG EDU
1570.0,WEIYE HOLDINGS
1571.0,XIN POINT HOLD
1572.0,CHINA ART FIN
1575.0,MORRIS HOME
1576.0,QILU EXPRESSWAY
1577.0,HUIXIN CREDIT
1578.0,BANK OF TIANJIN
1579.0,YIHAI INTL
1580.0,DA SEN HLDGS
1581.0,PROGRESSIVE P
1582.0,CR CONSTRUCTION
1583.0,QINQIN FOODS
1585.0,YADEA
1586.0,LEON INSPECTION
1587.0,SHINEROAD INTL
1588.0,CHANJET
1591.0,SHUN WO GROUP
1592.0,ANCHORSTONE
1593.0,CHEN LIN EDU
1596.0,YICHEN IND
1597.0,NATURE ENERGY T
1598.0,21CENTURY EDU
1599.0,UCD
1600.0,TIAN LUN GAS
1601.0,ZGC TEC LEASING
1606.0,CDB LEASING
1608.0,VPOWER GROUP
1610.0,COFCO JOYCOME
1611.0,SINOHOPE TECH
1612.0,VINCENT MED
1613.0,SYNERTONE
1615.0,AB BUILDERS
1616.0,A METAVERSE
1617.0,NANFANG COMM
1618.0,MCC
1620.0,CINESE INTL
1621.0,VICO INTL HLDGS
1623.0,HILONG
1626.0,JIA YAO HLDGS
1627.0,ABLE ENG HLDGS
1628.0,YUZHOU GROUP
1629.0,CHAMP ALLI INTL
1630.0,KIN SHING HLDGS
1631.0,REF HOLDINGS
1632.0,MSCTECH
1633.0,SHEUNG YUE GP
1635.0,DZUG
1637.0,SH GROUP HLDG
1638.0,KAISA GROUP
1640.0,RUICHENG CHINA
1643.0,MODERN CHI MED
1645.0,HAINA INTEL
1647.0,GRANDSHORES
1650.0,HYGIEIA GROUP
1651.0,TSUGAMI CHINA
1652.0,FUSEN PHARM
1653.0,MOS HOUSE
1655.0,OKURA HOLDINGS
1656.0,ISDN HOLDINGS
1657.0,SG GROUP HLDGS
1658.0,PSBC
1660.0,ZHAOBANGJI LIFE
1661.0,WISDOM SPORTS
1662.0,YEE HOP HLDGS
1663.0,S HARBOURHOLD
1665.0,PENTAMASTER
1666.0,TONG REN TANG
1667.0,DIMMI LIFE HLDG
1668.0,CHINASOUTHCITY
1669.0,GIC GROUP
1671.0,TIANBAO ENERGY
1672.0,ASCLETIS-B
1673.0,HUAZHANG TECH
1675.0,ASIAINFO TECH
1676.0,SHENGHAI GROUP
1679.0,RISECOMM GP
1680.0,MACAU LEGEND
1681.0,CONSUN PHARMA
1682.0,HP LIVING TECH
1683.0,HOPE LIFE INT
1685.0,BOER POWER
1686.0,SUNEVISION
1689.0,HUAXIHOLDINGS
1690.0,LAP KEI ENGRG
1691.0,JS GLOBAL LIFE
1692.0,TOWNRAY HLDGS
1693.0,BGMC
1695.0,S&P INTL HLDG
1696.0,SISRAM MED
1697.0,SDITC
1698.0,TME-SW
1701.0,TU YI HLDG
1702.0,DONGGUANG CHEM
1705.0,B & S INTL HLDG
1707.0,GEOTECH HLDGS
1708.0,SAMPLE TECH
1709.0,DL HOLDINGS GP
1710.0,TRIO IND ELEC
1711.0,ULFERTS
1712.0,DRAGON MINING
1713.0,SICHUAN EN INV
1715.0,VOLCANO SPRING
1716.0,MOST KWAI CHUNG
1717.0,AUSNUTRIA
1718.0,WAN KEI GROUP
1719.0,CIL GROUP
1720.0,PUTIAN COMM
1721.0,FSM HOLDINGS
1722.0,KIN PANG HLDGS
1723.0,HK ASIA HLDGS
1725.0,USPACE TECH
1726.0,HKE HOLDINGS
1727.0,HEBEI CONS
1728.0,ZHENGTONGAUTO
1729.0,TIME INTERCON
1730.0,LHN
1731.0,PROSPEROUS IND
1732.0,XIANGXING INT
1733.0,E-COMMODITIES
1735.0,CENTRAL NEW EGY
1736.0,PARENTING NET
1737.0,A & S GROUP
1738.0,FS ANTHRACITE
1739.0,QEEKA HOME
1740.0,VALUES CULTURAL
1741.0,RI YING HLDGS
1742.0,HPC HOLDINGS
1745.0,LVJI TECH
1746.0,MAN SHUN GP
1747.0,HOME CONTROL
1748.0,XIN YUAN ENT
1749.0,SHANSHAN
1750.0,REM GROUP HLDGS
1751.0,KINGLAND GROUP
1752.0,TOP EDUCATION
1753.0,DUIBA
1755.0,S-ENJOY SERVICE
1756.0,C VOCATIONAL ED
1757.0,AFFLUENT FDN
1758.0,BOJUN EDU
1759.0,SINO GAS HLDGS
1760.0,INTRON TECH
1762.0,WANKA ONLINE
1763.0,CIRC
1765.0,XJ INTL HLDGS
1766.0,CRRC
1767.0,TS WONDERS
1769.0,SCHOLAR EDU
1771.0,SUNFONDA GP
1772.0,GANFENGLITHIUM
1773.0,TIANLI INT HLDG
1775.0,BEXCELLENT GP
1776.0,GF SEC
1777.0,FANTASIA
1778.0,COLOUR LIFE
1780.0,B & D STRATEGIC
1782.0,IB DIGITAL TECH
1783.0,ENVISION GREEN
1785.0,CHENGDU EXPWAY
1786.0,CRCCE
1787.0,SD GOLD
1788.0,GUOTAI JUNAN I
1789.0,AK MEDICAL
1790.0,TIL ENVIRO
1792.0,CMON
1793.0,WECON HOLDINGS
1795.0,YADONG GROUP
1796.0,YIELD GO HLDGS
1797.0,EAST BUY
1798.0,DATANG RENEW
1799.0,XINTE ENERGY
1800.0,CHINA COMM CONS
1801.0,INNOVENT BIO
1802.0,WENYE GROUP
1803.0,BJ SPORTS & ENT
1808.0,ENTERPRISE DEV
1809.0,PRINX CHENGSHAN
1810.0,XIAOMI-W
1811.0,CGN NEW ENERGY
1812.0,CHENMING PAPER
1813.0,KWG GROUP
1815.0,CSMALL
1816.0,CGN POWER
1817.0,MULSANNE GROUP
1818.0,ZHAOJIN MINING
1820.0,PM PACKAGING
1821.0,ESR
1822.0,CHINA WOOD INT
1823.0,HUAYUEXPRESSWAY
1825.0,STERLING GP
1826.0,FDB HOLDINGS
1827.0,MIRICOR
1830.0,PERFECT MEDICAL
1831.0,SHIFANG HLDG
1832.0,SAI LEISURE
1833.0,PA GOODDOCTOR
1835.0,REALWAY CAPITAL
1836.0,STELLA HOLDINGS
1837.0,NATURAL FOOD IH
1839.0,CIMC VEHICLES
1841.0,A.PLUS GROUP
1842.0,GROWN UP GROUP
1843.0,SNACK EMPIRE
1845.0,WG ENV TECH
1846.0,EUROEYES
1847.0,GHPC
1848.0,CALC
1849.0,AM GROUP
1850.0,HSC RESOURCES
1851.0,GINGKO EDU
1853.0,CHUNCHENG HEAT
1854.0,CHINA WANTIAN
1855.0,ZONQING LTD
1856.0,ERNEST BOREL
1857.0,CEB WATER
1858.0,CHUNLI MEDICAL
1860.0,MOBVISTA
1861.0,PRECIOUS DRAGON
1862.0,JINGRUI HLDGS
1865.0,TRENDZON HLDG
1866.0,CHINA XLX FERT
1867.0,STD DEV GROUP
1868.0,NEO-NEON
1869.0,LI BAO GE GP
1870.0,ACME INTL HLDGS
1871.0,CHINA ORIENTED
1872.0,GUAN CHAO HLDGS
1873.0,VIVA BIOTECH
1875.0,TOT BIOPHARM-B
1876.0,BUD APAC
1877.0,JUNSHI BIO
1878.0,SOUTHGOBI
1880.0,CTG DUTY-FREE
1882.0,HAITIAN INT'L
1883.0,CITIC TELECOM
1884.0,EPRINT GROUP
1888.0,KB LAMINATES
1889.0,SANAI HEALTH GP
1890.0,CHINA KEPEI
1891.0,HENG HUP
1894.0,HANG YICK HLDGS
1896.0,MAOYAN ENT
1897.0,MILLIONHOPE IND
1898.0,CHINA COAL
1899.0,XINGDA INT'L
1900.0,CHINA ITS
1901.0,FEIYANG GROUP
1903.0,JBB BUILDERS
1905.0,HAITONG UT
1906.0,BONNY HLDG
1907.0,CHINA RISUN GP
1908.0,C&D INTL GROUP
1909.0,FIRE ROCK
1910.0,SAMSONITE
1912.0,CONTEL
1913.0,PRADA
1915.0,TAIHE M-FIN
1916.0,JIANGXI BANK
1917.0,DOUMOB
1918.0,SUNAC
1919.0,COSCO SHIP HOLD
1920.0,HANDS FORM HLDG
1921.0,DALIPAL HLDG
1922.0,YINCHENG LS
1925.0,KWUNGS HOLDINGS
1927.0,JIUJIUWANG
1928.0,SANDS CHINA LTD
1929.0,CHOW TAI FOOK
1930.0,SHINELONG
1931.0,IVD MEDICAL
1932.0,CPM GROUP
1933.0,ONEFORCE HLDGS
1935.0,JH EDUCATION
1936.0,RITAMIX
1937.0,JIACHEN HOLDING
1938.0,CHU KONG PIPE
1939.0,TOKYO CHUO
1940.0,CGII HLDGS
1941.0,YE XING GROUP
1942.0,MOG DIGITECH
1943.0,SILVER TIDE
1945.0,ZERO2IPO
1947.0,MEIHAO GROUP
1948.0,UJU HOLDING
1949.0,PLATT NERA
1950.0,DIWANG IND H
1951.0,JXR
1952.0,EVEREST MED - B
1953.0,RIMBACO
1955.0,JOHNSON HLDGS
1957.0,MBV INTL
1958.0,BAIC MOTOR
1959.0,CENT UNIT HLDG
1960.0,TBKS HLDGS
1961.0,INFINITIES TECH
1962.0,EVERGREEN PG
1963.0,BCQ
1965.0,LANDSEA LIFE
1966.0,CHINA SCE GROUP
1967.0,CONFIDENCE IN
1968.0,HINGTEX HLDGS
1969.0,CHINA CHUNLAI
1970.0,IMAX CHINA
1971.0,RSUN SER
1972.0,SWIREPROPERTIES
1973.0,TIAN TU CAPITAL
1975.0,SUN HING PRINT
1977.0,ANALOGUE HLDGS
1978.0,LH GROUP
1979.0,TEN PAO GROUP
1980.0,TIANGE
1981.0,CATHAY EDU
1982.0,NAMESON HLDGS
1983.0,LUZHOU BANK
1985.0,MICROWARE
1986.0,TSAKER NE
1987.0,BENG SOON MACH
1988.0,MINSHENG BANK
1991.0,TA YANG GROUP
1992.0,FOSUN TOURISM
1993.0,ASIARAY
1995.0,CIFI ES SERVICE
1996.0,RSUN PPT
1997.0,WHARF REIC
1999.0,MAN WAH HLDGS
2000.0,SIM TECH
2001.0,NEW HIGHER EDU
2002.0,SUNSHINE PAPER
2003.0,VCREDIT
2005.0,SSY GROUP
2007.0,COUNTRY GARDEN
2008.0,PHOENIX TV
2009.0,BBMG
2011.0,CHINA APEX GP
2012.0,SUNSHINE OIL
2013.0,WEIMOB INC
2015.0,LI AUTO-W
2016.0,CZBANK
2017.0,CHANHIGH
2018.0,AAC TECH
2019.0,DEXIN CHINA
2020.0,ANTA SPORTS
2022.0,DIGIT HOLLYWOOD
2023.0,CHINA LUDAO
2025.0,RUIFENG POWER
2028.0,JOLIMARK
2030.0,CABBEEN
2031.0,AUSUPREME
2033.0,TIME WATCH
2038.0,FIH
2039.0,CIMC
2048.0,E-HOUSE ENT
2051.0,51 CREDIT CARD
2057.0,ZTO EXPRESS-W
2060.0,PUJIANG INTL
2066.0,SHENGJINGBANK
2068.0,CHALIECO
2076.0,BOSS ZHIPIN-W
2078.0,PANASIALUM
2080.0,AUX INTL
2086.0,LEADWAY TECH
2088.0,XIWANG PROPERTY
2096.0,SIMCERE PHARMA
2098.0,ZALL SMARTCOM
2099.0,CHINAGOLDINTL
2100.0,BAIOO
2101.0,FULU HOLDINGS
2102.0,TAK LEE MACH
2105.0,LAEKNA-B
2107.0,FIRST SERVICE
2108.0,K2 F&B
2110.0,TIAN CHENG HLDG
2111.0,BEST PACIFIC
2112.0,GRACE LIFE-TECH
2113.0,CENTURY GP INTL
2115.0,CM HI-TECH
2116.0,JS INNOV
2119.0,TSIT WING INTL
2120.0,KN HOSPITAL
2121.0,AINNOVATION
2122.0,KIDSLAND INTL
2125.0,STRAWBEAR ENT
2126.0,JW THERAP-B
2127.0,HUISEN INTL
2128.0,CHINA LESSO
2129.0,LEGION CONSO
2130.0,CN LOGISTICS
2131.0,NETJOY
2132.0,LANDRICH HLDG
2135.0,RAILY AESMED
2136.0,LIFESTYLE CHI
2137.0,BRII - B
2138.0,EC HEALTHCARE
2139.0,BANK OF GANSU
2142.0,HBM HOLDINGS-B
2145.0,CHICMAX
2146.0,ROISERV
2147.0,ZHENGWEI GROUP
2148.0,VESYNC
2149.0,BATELAB
2150.0,NAYUKI
2152.0,SUXIN SERVICES
2153.0,TAT HONG EQUIP
2155.0,MORIMATSU INTL
2156.0,C&D PROPERTY
2157.0,LEPU BIO-B
2158.0,YIDU TECH
2159.0,MEDIWELCOME
2160.0,CARDIOFLOW-B
2161.0,JBM HEALTHCARE
2162.0,KEYMED BIO-B
2163.0,BROAD HOMES
2165.0,LING YUE SER GP
2166.0,SMART-CORE
2167.0,TI CLOUD
2168.0,KAISA PROSPER
2169.0,CANGGANG-NEW
2170.0,BASECARE-B
2171.0,CARSGEN-B
2172.0,MICROPORT NEURO
2176.0,CCID CONSULTING
2177.0,UNQ HOLDINGS
2178.0,PETRO-KING
2179.0,RECBIO-B
2180.0,MANPOWER GRC
2181.0,MABPHARM-B
2182.0,TIAN CHANG GP
2185.0,BIOHEART-B
2186.0,LUYE PHARMA
2187.0,ZHIXIN GP HLDG
2188.0,TITANS ENERGY
2189.0,KATO (HK) HLDGS
2190.0,ZYLOXTB-B
2192.0,MEDLIVE
2193.0,MAN KING HOLD
2195.0,UNITY ENT
2196.0,FOSUN PHARMA
2197.0,CLOVER BIO-B
2198.0,CHINA SANJIANG
2199.0,REGINA MIRACLE
2202.0,CHINA VANKE
2203.0,BRAINHOLE TECH
2205.0,KANGQIAO SER
2207.0,RONSHINE SERV
2208.0,GOLDWIND
2209.0,YESASIA HLDGS
2210.0,BEIJING JIAYE
2211.0,UNI HEALTH
2212.0,FB MINING
2215.0,DEXIN SER GROUP
2216.0,BRONCUS-B
2217.0,TAM JAI INTL
2218.0,ANDRE JUICE
2219.0,CHAOJU EYE CARE
2221.0,NEW CONCEPTS
2222.0,NVC INTL
2223.0,CASABLANCA
2225.0,JINHAI INTL
2226.0,HONWORLD GP
2227.0,SOLIS HOLDINGS
2230.0,MEDIALINK GROUP
2231.0,JY GRANDMARK
2232.0,CRYSTAL INTL
2233.0,WESTCHINACEMENT
2235.0,MICROTECH MED-B
2236.0,WISON ENGRG
2237.0,CHINA GRAPHITE
2238.0,GAC GROUP
2239.0,SMIT
2245.0,LYGEND RESOURCE
2246.0,GOGOX
2250.0,B.DUCK SEMK
2251.0,AIRDOC-B
2252.0,MEDBOT-B
2255.0,HAICHANG HLDG
2256.0,ABBISKO-B
2257.0,SIRNAOMICS-B
2258.0,WATTS INT'L
2260.0,VANOV HOLDINGS
2262.0,SLD GROUP
2263.0,FU SHEK FIN
2265.0,HC ENV TECH
2266.0,LAI SI ENT
2268.0,WUXI XDC
2269.0,WUXI BIO
2270.0,DESUN SERVICES
2271.0,ZHONGAN SERVICE
2273.0,GUSHENGTANG
2276.0,CONANT OPTICAL
2279.0,YONGHE MEDICAL
2280.0,HC GROUP
2281.0,XINGLU WATER
2282.0,MGM CHINA
2283.0,TK GROUP HLDG
2285.0,CHERVON
2286.0,CHEN XING
2288.0,RYKADAN CAPITAL
2289.0,CHARMACY PHAR
2291.0,SCIENTECH
2292.0,THING ON ENT
2293.0,BAMBOOSHEALTH
2295.0,MAXICITY
2297.0,RAINMED-B
2298.0,COSMO LADY
2299.0,BILLION IND
2302.0,CNNC INT'L
2306.0,YH ENT
2307.0,KAM HING INT'L
2309.0,ZO FUTURE GROUP
2310.0,TIMES UNI GP
2312.0,CH FIN LEASING
2313.0,SHENZHOU INTL
2314.0,LEE & MAN PAPER
2315.0,BIOCYTOGEN-B
2317.0,VEDAN INT'L
2318.0,PING AN
2319.0,MENGNIU DAIRY
2320.0,HOP FUNG GROUP
2321.0,SWANGCHAICHUAN
2322.0,HK CHAOSHANG GP
2323.0,RENCO HOLDINGS
2324.0,CAPITAL VC
2325.0,YUNKANG GROUP
2326.0,NPE HOLDINGS
2327.0,MEILLEUREHEALTH
2328.0,PICC P&C
2329.0,GLORY HEALTH
2330.0,CHINA UPTOWN
2331.0,LI NING
2333.0,GWMOTOR
2336.0,SHUOAO INTL
2337.0,UNITED STRENGTH
2338.0,WEICHAI POWER
2339.0,BWI INT'L
2340.0,ISP HOLDINGS
2342.0,COMBA
2343.0,PACIFIC BASIN
2347.0,YOHO GROUP
2348.0,DAWNRAYS PHARMA
2349.0,CH CITY INFRA
2350.0,MTT GROUP
2352.0,DOWELL SERVICE
2355.0,BAOYE GROUP
2356.0,DAHSING BANKING
2357.0,AVICHINA
2358.0,JIU RONG HOLD
2359.0,WUXI APPTEC
2360.0,BEST MART 360
2361.0,SINOHEALTH HLDG
2362.0,JINCHUAN INTL
2363.0,TONGDA HONG TAI
2367.0,GIANT BIOGENE
2368.0,EAGLE NICE
2369.0,COOLPAD GROUP
2371.0,CHUANGLIAN HOLD
2372.0,WEILI HOLDINGS
2373.0,BEAUTYFARM MED
2376.0,LUSHANGSERVICES
2377.0,BOQI ENV
2378.0,PRU
2380.0,CHINA POWER
2381.0,SMC ELECTRIC
2382.0,SUNNY OPTICAL
2383.0,TOM GROUP
2385.0,READBOY
2386.0,SINOPEC SEG
2388.0,BOC HONG KONG
2389.0,BJ HEALTH
2390.0,ZHIHU-W
2391.0,TUYA-W
2392.0,XUANWU CLOUD
2393.0,YESTAR HEALTH
2399.0,CN ANCHU ENERGY
2400.0,XD INC
2402.0,SINOHYTEC
2403.0,STYLAND W2410
2405.0,POWERWIN TECH
2407.0,GAUSH MEDITECH
2409.0,SEACON
2411.0,PAGODA GP
2415.0,MEDSCI
2416.0,EDIANYUN
2418.0,DEEWIN
2419.0,DEKON AGR
2420.0,ZIBUYU
2421.0,KRP DEVELOPMENT
2422.0,REGO INTERACT
2423.0,BEKE-W
2425.0,AUSTASIA GROUP
2427.0,GUANZE MEDICAL
2429.0,UBOX ONLINE
2433.0,ZT HN GROUP
2436.0,LX TECHNOLOGY
2439.0,CH TREASURES NM
2440.0,HOWKINGTECH
2442.0,EASY SMART GP
2448.0,SPACE GROUP
2450.0,HUAIBEI GD CO
2451.0,LUYUAN GP HLDG
2453.0,CONCORD HC GP
2455.0,RUNHUA SERVICE
2457.0,BUYANG INTL
2458.0,GALA TECH HOLD
2459.0,SANERGY GROUP
2469.0,FENBI
2473.0,XXF
2477.0,WELLCELL HOLD
2480.0,LUZHU BIOTECH-B
2481.0,WISE LIVING TEC
2482.0,LOGORY
2483.0,K CASH
2486.0,PLUS GP HOLDING
2487.0,CUTIA-B
2488.0,LAUNCH TECH
2489.0,PERSISTENCE RES
2490.0,LC LOGISTICS
2496.0,YZYBIO-B
2498.0,ROBOSENSE
2499.0,FOLANGSI
2501.0,MAIYUE TECH
2502.0,JINYUAN HCHEM
2503.0,ZHONGSHENJIANYE
2511.0,HIGHTIDE-B
2516.0,FAR INTL
2517.0,GUOQUAN
2518.0,AUTOHOME-S
2520.0,SHANXI INSTALL
2521.0,SHENGHUI CLEAN
2528.0,FW FASHION INT
2552.0,HUA MEDICINE-B
2558.0,JINSHANG BANK
2588.0,BOC AVIATION
2600.0,CHALCO
2601.0,CPIC
2602.0,ONEWO
2607.0,SH PHARMA
2608.0,SUNSHINE 100
2611.0,GTJA
2616.0,CSTONE PHARMA-B
2618.0,JD LOGISTICS
2623.0,ADD NEW ENERGY
2628.0,CHINA LIFE
2633.0,JACOBSON PHARMA
2638.0,HKELECTRIC-SS
2660.0,ZENGAME
2663.0,KPA-BM HLDGS
2666.0,UNI MEDICAL
2668.0,PAK TAK INT'L
2669.0,CHINA OVS PPT
2678.0,TEXHONG INTL GP
2680.0,INNOVAX HLDGS
2682.0,YUN LEE MARINE
2683.0,WAHSUN HANDBAGS
2688.0,ENN ENERGY
2689.0,ND PAPER
2696.0,HENLIUS
2698.0,WEIQIAO TEXTILE
2700.0,GREEN INTL HLDG
2708.0,IBO TECH
2722.0,CHONGQING M&E
2727.0,SH ELECTRIC
2728.0,JINTAI ENERGY H
2738.0,HUAJIN INTL
2772.0,ZHONGLIANG HLDG
2777.0,R&F PROPERTIES
2779.0,CH XINHUA EDU
2789.0,YUANDA CHINA
2798.0,PER ENERGY
2799.0,CHINA HUARONG
2858.0,YIXIN
2863.0,GOLDEN FAITH GP
2866.0,COSCO SHIP DEV
2869.0,GREENTOWN SER
2877.0,SHINEWAY PHARM
2878.0,SOLOMON SYSTECH
2880.0,LIAONING PORT
2882.0,HKRH
2883.0,CHINA OILFIELD
2885.0,PEIPORT HOLD
2886.0,BINHAI INV
2888.0,STANCHART
2892.0,MILLION CITIES
2899.0,ZIJIN MINING
2908.0,KIU HUNG-OLD
2909.0,CANGGANG-OLD
2913.0,KUANGCHI
2914.0,MAJOR HLDGS
2917.0,CCIAM FUTURE EN
3300.0,CHINA GLASS
3301.0,RONSHINECHINA
3302.0,KINERGY
3303.0,JUTAL OIL SER
3306.0,JNBY
3309.0,C-MER EYE
3311.0,CHINA STATE CON
3313.0,ARTGO HOLDINGS
3315.0,GOLDPAC GROUP
3316.0,BINJIANG SER
3318.0,CHINA BOTON
3319.0,A-LIVING
3320.0,CHINARES PHARMA
3321.0,WAI HUNG GROUP
3322.0,WIN HANVERKY
3323.0,CNBM
3326.0,PERFECT GROUP
3328.0,BANKCOMM
3329.0,BOCOM INTL
3330.0,LINGBAO GOLD
3331.0,VINDA INT'L
3332.0,SINOLIFE UTD
3336.0,JU TENG INTL
3337.0,ANTON OILFIELD
3339.0,LONKING
3347.0,TIGERMED
3348.0,CHINA PENGFEI
3360.0,FE HORIZON
3363.0,ZHENGYE INT'L
3366.0,OCT (ASIA)
3368.0,PARKSON GROUP
3369.0,QHD PORT
3377.0,SINO-OCEAN GP
3380.0,LOGAN GROUP
3382.0,TIANJINPORT DEV
3383.0,AGILE GROUP
3389.0,HENGDELI
3390.0,TYCOON GROUP
3393.0,WASION HOLDINGS
3395.0,JX ENERGY
3396.0,LEGENDHOLDING
3398.0,CHINA TING
3399.0,YUEYUN TRANS
3600.0,MODERN DENTAL
3601.0,LUDASHI
3603.0,XINJI SHAXI
3606.0,FUYAO GLASS
3613.0,TONGRENTANGCM
3616.0,EVER REACH GP
3618.0,CQRC BANK
3623.0,C SUCCESS FIN
3626.0,HSSP INTL
3628.0,RENHENG ENT
3633.0,ZHONGYU ENERGY
3638.0,HUABANG TECH
3639.0,YIDA CHINA
3650.0,KEEP
3658.0,NEW HOPE SERV
3660.0,QFIN-S
3662.0,STARJOY W&T
3666.0,SHANGHAI XNG
3668.0,YANCOAL AUS
3669.0,YONGDA AUTO
3678.0,HOLLY FUTURES
3680.0,RUIHE DATA
3681.0,SINOMAB BIO-B
3683.0,GREAT HARVEST
3686.0,CLIFFORDML
3688.0,TOP SPRING
3689.0,KANGHUA HEALTH
3690.0,MEITUAN-W
3692.0,HANSOH PHARMA
3698.0,HUISHANG BANK
3699.0,EB GRAND CHINA
3700.0,INKEVERSE
3708.0,CH SUPPLY CHAIN
3709.0,EEKA FASHION
3718.0,BJ ENT URBAN
3728.0,CHING LEE
3737.0,ZHONGZHIPHARM
3738.0,VOBILE GROUP
3759.0,PHARMARON
3768.0,DCWT
3773.0,YS DIGIFAVOR
3778.0,CHINA WEAVING
3788.0,CHINA HANKING
3789.0,ROYAL DELUXE
3798.0,HOMELAND ITL
3800.0,GCL TECH
3808.0,SINOTRUK
3813.0,POU SHENG INT'L
3816.0,KFM KINGDOM
3818.0,CHINA DONGXIANG
3822.0,SAM WOO CONS
3828.0,MING FAI INT'L
3830.0,KIDDIELAND
3833.0,XINXIN MINING
3836.0,HARMONY AUTO
3838.0,CHINA STARCH
3839.0,CT ENTERPRISE
3848.0,HAOSEN FINTECH
3860.0,EPS HEALTH TECH
3866.0,BQD
3868.0,XINYI ENERGY
3869.0,HOSPITAL CORP
3877.0,CSSC SHIPPING
3878.0,VICON HOLDINGS
3882.0,SKYLIGHT HLDG
3883.0,CHINA AOYUAN
3886.0,TOWN HEALTH
3888.0,KINGSOFT
3889.0,GLOBAL SWEET
3893.0,CROSSTEC
3896.0,KINGSOFT CLOUD
3898.0,TIMES ELECTRIC
3899.0,CIMC ENRIC
3900.0,GREENTOWN CHINA
3903.0,HANHUA FIN
3908.0,CICC
3913.0,KWG LIVING
3918.0,NAGACORP
3919.0,GOLDENPOWER
3928.0,S&T HLDGS
3931.0,CALB
3933.0,UNITED LAB
3938.0,LFG INV HLDGS
3939.0,WANGUO MINING
3958.0,DFZQ
3963.0,RONGZHONG FIN
3968.0,CM BANK
3969.0,CHINA CRSC
3978.0,BESTSTUDY EDU
3983.0,CHINA BLUECHEM
3988.0,BANK OF CHINA
3989.0,CAPITAL ENV
3990.0,MIDEA REAL EST
3991.0,CHANGHONG JH
3993.0,CMOC
3996.0,CH ENERGY ENG
3997.0,TSO
3998.0,BOSIDENG
3999.0,DACHAN FOOD
4332.0,AMGEN-T
4333.0,CISCO-T
4335.0,INTEL-T
4336.0,APPL MATERIAL-T
4337.0,STARBUCKS-T
4338.0,MICROSOFT-T
4618.0,GRCB 19USDPREF
4619.0,BOC 20USDPREF
4620.0,ICBC 20USDPREF
4621.0,CINDA 21USDPREF
4801.0,INTERRA ACQ Z25
4827.0,VISION DEAL Z24
4836.0,AQUILA ACQ Z25
4841.0,HK ACQ Z25
4855.0,TECHSTARACQ Z25
6030.0,CITIC SEC
6033.0,TELECOM DIGIT
6036.0,APEX ACE HLDG
6038.0,G & M HLDGS
6049.0,POLY PPT SER
6055.0,CTIHK
6058.0,CISI FIN
6060.0,ZA ONLINE
6063.0,LOTUS HORIZON
6066.0,CSC
6068.0,WISDOM EDU INTL
6069.0,SY HOLDINGS
6078.0,HYGEIA HEALTH
6080.0,WING CHI HLDGS
6083.0,WORLD-LINK LOG
6088.0,FIT HON TENG
6093.0,HEVOL SERVICES
6098.0,CG SERVICES
6099.0,CMSC
6100.0,TONGDAO LIEPIN
6108.0,NEW RAY MEDIC
6110.0,TOPSPORTS
6113.0,UTS MARKETING
6117.0,RIZHAO PORT JR
6118.0,AUSTAR
6119.0,TIAN YUAN GP
6122.0,JIUTAI RCB
6123.0,YTO INTL EXP
6127.0,JOINN
6128.0,GRAPHEX GROUP
6133.0,VITAL INNO
6136.0,KANGDA ENV
6138.0,HARBIN BANK
6158.0,ZHENRO PPT
6160.0,BEIGENE
6162.0,TR INTERIORS
6163.0,GEMILANG INTL
6169.0,YUHUA EDU
6178.0,EB SECURITIES
6182.0,TWINTEK
6185.0,CANSINOBIO
6186.0,CHINA FEIHE
6188.0,BJ DIGITAL
6189.0,ADWAY
6190.0,BANKOFJIUJIANG
6193.0,TAILAM TECHCON
6196.0,BANKOFZHENGZHOU
6198.0,QINGDAO PORT
6199.0,BANK OF GUIZHOU
6288.0,FAST RETAIL-DRS
6600.0,SCICLONE PHARMA
6601.0,CHEERWIN GP
6606.0,NH HEALTH
6608.0,BAIRONG-W
6609.0,HEARTCARE-B
6610.0,FLOWING CLOUD
6611.0,SANXUN GROUP
6616.0,GLOBAL NEW MAT
6618.0,JD HEALTH
6622.0,ZHAOKE OPHTH-B
6623.0,LUFAX
6626.0,YUEXIU SERVICES
6628.0,TRANSCENTA-B
6633.0,QINGCI GAMES
6638.0,OCFT
6639.0,ARRAIL GROUP
6655.0,HUAXIN CEMENT
6660.0,AIM VACCINE
6661.0,HUZHOU GAS
6663.0,IWS GROUP
6666.0,EVERG SERVICES
6667.0,MEGA GENOMICS
6668.0,E-STAR CM
6669.0,ACOTEC-B
6677.0,SINO-OCEAN SERV
6680.0,JLMAG
6682.0,FOURTH PARADIGM
6683.0,STARPLUS LEGEND
6686.0,NOAH HOLDINGS
6689.0,HONGJIU FRUIT
6690.0,HAIER SMARTHOME
6696.0,MANY IDEA CLOUD
6698.0,STAR CM
6699.0,ANGELALIGN
6805.0,KIMOU ENVIRON
6806.0,SWHY
6808.0,SUNART RETAIL
6811.0,TAI HING GROUP
6812.0,WINSON HLDGS HK
6816.0,PROSPER CONS
6818.0,CEB BANK
6819.0,INTELLICENTRICS
6820.0,FRIENDTIMES
6821.0,ASYMCHEM
6822.0,KING'S FLAIR
6823.0,HKT-SS
6826.0,HAOHAI BIOTEC
6828.0,BG BLUE SKY
6829.0,DRAGON RISE GP
6830.0,HUAZHONG IN-V
6833.0,SINCO PHARMA
6836.0,TIANYUN INT'L
6837.0,HAITONG SEC
6838.0,WINOX
6839.0,YUNNAN WATER
6855.0,ASCENTAGE-B
6858.0,HONMAGOLF
6860.0,FINGERTANGO
6862.0,HAIDILAO
6865.0,FLAT GLASS
6866.0,ZUOLI M-FIN
6868.0,TENFU
6869.0,YOFC
6878.0,DIFFER GP AUTO
6881.0,CGS
6882.0,EGL HOLDINGS
6885.0,JINMA ENERGY
6886.0,HTSC
6888.0,FREETECH
6889.0,DYNAM JAPAN
6890.0,KANGLI INT HLDG
6893.0,HINSANG GROUP
6896.0,GOLDEN THROAT
6898.0,CHINA ALUMCAN
6899.0,OURGAME
6900.0,SUNKWAN PPT
6908.0,HG SEMI
6909.0,BETTERLIFE HLDG
6911.0,LANCANG TEA
6913.0,SCVE GROUP
6918.0,KIDZTECH
6919.0,RENRUI HR
6922.0,CRYOFOCUS-B
6928.0,TOMO HOLDINGS
6929.0,ORBUSNEICH
6933.0,SINO-ENTERTAIN
6939.0,MEGAIN
6955.0,BOAN BIOTECH
6958.0,ZHENRO SERVICES
6959.0,CHANGJIU HLDGS
6963.0,SUNSHINE INS
6966.0,C WAN TONG YUAN
6968.0,GANGLONG CHINA
6969.0,SMOORE INTL
6978.0,IMMUNOTECH-B
6979.0,ZJLD
6988.0,JOY SPREADER
6989.0,EXCELLENCE CM
6990.0,SKB BIO-B
6993.0,BLUE MOON GROUP
6996.0,ANTENGENE-B
6998.0,GENOR-B
6999.0,LEADING HLDGS
7801.0,INTERRA ACQ-Z
7827.0,VISION DEAL-Z
7836.0,AQUILA ACQ-Z
7841.0,HK ACQ-Z
7855.0,TECHSTARACQ-Z
8001.0,ORIENTSEC INT
8003.0,GREAT WORLD
8005.0,YUXING INFOTECH
8006.0,SINO SPLENDID
8007.0,GLOBALSTRAT
8013.0,ECI TECH
8017.0,TRADEGO
8018.0,FINSOFT FIN
8019.0,HAO WEN HLDGS
8020.0,UNITAS HOLD
8021.0,WLS HOLDINGS
8023.0,KWONG MAN KEE
8026.0,CB GLOBAL
8027.0,KPM HOLDING
8028.0,TIMELESS
8029.0,IMPERIUM FIN GP
8030.0,FLYING FIN
8031.0,ETS GROUP
8033.0,VODATEL NETWORK
8035.0,JANCO HOLDINGS
8036.0,EBROKER GROUP
8037.0,CH BIOTECH SER
8040.0,COOLPOINT INNO
8041.0,LUXEY INT'L
8042.0,KOS INTL
8043.0,ATLINKS
8045.0,NANDASOFT
8047.0,CHINA OCEAN GP
8048.0,YU TAK INT'L
8049.0,JILIN CHANGLONG
8050.0,QUANTUM THINK
8051.0,CIRCUTECH
8052.0,LUK HING ENT
8053.0,PIZU GROUP
8056.0,LIFE CONCEPTS
8057.0,MADISON HLDG
8059.0,GLORY FLAME
8060.0,GLOBAL LINK
8062.0,EFT SOLUTIONS
8063.0,GLOBAL M HLDG
8065.0,KML TECH
8066.0,PHOENITRON HOLD
8067.0,OUC HOLDINGS
8069.0,FLYDOO TECH
8070.0,KEEN OCEAN
8071.0,CH NETCOMTECH
8072.0,ROMA META GROUP
8073.0,SINGYES NM
8076.0,SING LEE
8079.0,WISDOMCOME GP
8080.0,NAS HOLDINGS
8081.0,HANG TAI YUE GP
8082.0,SUNNY SIDE UP
8083.0,CHINA YOUZAN
8087.0,CHINA 33MEDIA
8091.0,OOH HOLDINGS
8092.0,ITE HOLDINGS
8093.0,MILLION STARS
8095.0,BEIDA JADE BIRD
8096.0,TASTY CONCEPTS
8098.0,CL GROUP
8100.0,GET HOLDINGS
8103.0,HMVOD
8106.0,SHENGHUA LANDE
8107.0,VISION INT HLDG
8111.0,CT IND GROUP
8112.0,CORNERSTONE FIN
8113.0,HI-LEVEL TECH
8115.0,SHANGHAI QINGPU
8117.0,CHI P ENERGY
8118.0,BORTEX GLOBAL
8120.0,CH DEMETER FIN
8121.0,GUOEN HOLDINGS
8123.0,SINOFORTUNE FIN
8125.0,ROYAL CEN RES
8126.0,G. A. HOLDINGS
8128.0,CHYY GP
8130.0,DADI INTL GROUP
8131.0,ABC MULTIACTIVE
8132.0,CENTURY EN INTL
8133.0,JISHENG GP HLDG
8136.0,IMS GROUP
8137.0,HONBRIDGE
8139.0,CHANGAN RH
8140.0,BOSATECH
8143.0,GF HEALTHCARE
8146.0,GRACEWINE
8147.0,MILLENNIUM PG
8148.0,WUXI LIFE
8149.0,ALTUS HLDGS
8152.0,M&L HOLDINGS
8153.0,JIADING INTL GP
8156.0,SINOPHARM TECH
8158.0,CRMI
8160.0,GOLDWAY EDU
8161.0,MEDINET GROUP
8163.0,NOIZ GROUP
8167.0,NEO TELEMEDIA
8168.0,AMASSE CAPITAL
8169.0,ECO-TEK HLDGS
8172.0,LAJIN ENT
8173.0,HEPHAESTUS HLDG
8176.0,SUPERROBOTICS
8178.0,CHINA INFO TECH
8179.0,PALINDA GROUP
8181.0,SHISHI SERVICES
8186.0,ALMANA
8187.0,JIMU GROUP
8188.0,GME GROUP
8189.0,TEDA BIOMEDICAL
8193.0,ASIAPAC FIN INV
8195.0,LEGENDARY EDU
8196.0,CHINA TIANYF
8198.0,CRYPTO FLOW
8200.0,SAU SAN TONG
8201.0,PPS INT'L
8203.0,KAISUN HOLDINGS
8205.0,JIAODA WITHUB
8206.0,S ROBOT EDU
8208.0,WMCH GLOBAL
8210.0,DLC ASIA
8211.0,ZHEJIANG YONGAN
8213.0,STARGLORY HLDGS
8217.0,WMHW
8218.0,ECHO INT HOLD
8219.0,HANVEY GROUP
8220.0,BINGO GROUP
8222.0,E LIGHTING
8223.0,ZYY
8225.0,C HEALTH GP
8226.0,KOALA FIN GP
8227.0,HAITIAN ANTENNA
8229.0,FUTURE DATA
8232.0,CLASSIFIED GP
8237.0,LINK HOLDINGS
8238.0,WINTO GROUP
8239.0,CAPITAL FIN
8241.0,YING KEE TEA
8245.0,SHANYU GROUP
8246.0,ZHONGHUA GAS
8247.0,BIOSINO BIO-TEC
8249.0,RUIYUAN IC TECH
8250.0,SILK RD ENERGY
8257.0,GENES TECH
8262.0,SUPER STRONG
8267.0,LINEKONG
8268.0,SMART CITY DEV
8269.0,WEALTH GLORY
8270.0,CHINA CBM
8271.0,GDC
8275.0,CHINA NEW CONS
8277.0,STEEDORIENTAL
8279.0,AGTECH HOLDINGS
8280.0,CDV HOLDINGS
8281.0,CH GOLD CLASSIC
8282.0,GAMEONE
8283.0,ZHONGSHI MINAN
8285.0,SLING GROUP
8286.0,CCOE
8290.0,AHSAY BACKUP
8291.0,WAN CHENG METAL
8292.0,WORLDGATEGLOBAL
8293.0,SINGASIA HLDG
8295.0,KINGWISOFT TECH
8296.0,SINO-LIFE GROUP
8297.0,OCEAN STAR TECH
8299.0,GRAND T G GOLD
8300.0,ROYALGPHLG
8305.0,ALLUREFEM HLDG
8307.0,MEDICSKIN
8309.0,MANSHING GLOBAL
8310.0,DAFENG PORT
8311.0,PERFECT OPT
8313.0,ZACD
8315.0,GREATWALLE INC
8316.0,CHINA HONGBAO
8317.0,FINET GROUP
8319.0,EXPERT SYS
8320.0,AEC GROUP
8321.0,TAI KAM HLDGS
8326.0,TK NEW ENERGY
8328.0,XY ELEC STORAGE
8329.0,NEP INTERLONG
8331.0,P.B. GROUP
8333.0,ASTRUM FIN
8337.0,DIRECTEL
8340.0,ZIJING INTL FIN
8341.0,AESO HOLDING
8347.0,F8 ENT
8348.0,BINHAI TEDA
8350.0,WELL LINK SEC
8353.0,ANACLE
8357.0,REPUBLIC HC
8360.0,AL GROUP
8362.0,WINNING TOWER
8363.0,SDM EDUCATION
8365.0,HATCHER GROUP
8366.0,ZJ UNITED INV
8367.0,SIMPLICITY HLDG
8368.0,CREATIVE CHINA
8370.0,ZHI SHENG GP
8371.0,TASTEGOURMET GP
8372.0,GBG HOLDINGS
8375.0,VERTICAL INT'L
8377.0,HARBOUR EQUINE
8379.0,PRIME INTEL
8385.0,PROSPEROUSPRINT
8391.0,CORNERSTONE TEC
8392.0,SATU HOLDINGS
8395.0,QI-HOUSE
8400.0,ASIA PIONEER
8401.0,STREAM IDEAS
8402.0,PLATEAU TL
8403.0,DOWWAY
8405.0,HANG CHI HLDG
8406.0,CHINA ORAL IND
8411.0,K W NELSON GP
8412.0,NEW AMANTE
8413.0,ASIA GROCERY
8416.0,HM INTL HLDGS
8417.0,DADI EDU
8418.0,OPTIMA AUTO
8419.0,AV PROMOTIONS
8420.0,NEXION TECH
8422.0,WT GROUP
8423.0,CHI HO DEV
8425.0,HING MING HLDGS
8426.0,MODERN LIVING
8427.0,SK TARGET
8428.0,CBK HOLDINGS
8429.0,SV VISION
8430.0,C&N HOLDINGS
8431.0,HAO BAI INTL
8432.0,BAR PACIFIC
8436.0,TAKBO GROUP
8439.0,SOMERLEY CAP
8445.0,NOBLE ENG GP
8446.0,BRIGHTSTAR TECH
8447.0,MS CONCEPT
8448.0,UNI PRINTSHOP
8450.0,EDICO HOLDINGS
8451.0,SUNLIGHT HLDGS
8452.0,FY FINANCIAL
8455.0,LAI GROUP
8456.0,MANSION INTL
8460.0,BASETROPHY GP
8462.0,OMNIBRIDGE HLDG
8471.0,REACH NEW HLDGS
8472.0,LAPCO HOLDINGS
8473.0,MI MING MART
8475.0,K GROUP HLDGS
8476.0,OCEAN ONE HLDG
8480.0,FURNIWEB
8481.0,SHENGLONG INTL
8482.0,WAN LEADER
8483.0,MAX SIGHT GROUP
8487.0,ISP GLOBAL
8489.0,GP LOGISTICS
8490.0,NICHE-TECH SEMI
8491.0,COOL LINK
8493.0,DRAGON KING GP
8495.0,1957 & CO.
8496.0,GLOBAL UIN
8500.0,ICONCULTURE
8501.0,SANBASE CORP
8502.0,OCEAN LINE PORT
8507.0,I.CENTURY HLDG
8509.0,WINE'S LINK
8510.0,TOPSTANDARD-NEW
8511.0,MIN FU INTL
8512.0,HYFUSIN GROUP
8513.0,MAXWIN INT HLDG
8516.0,GRAND TALENTS
8519.0,JIA GROUP
8521.0,ST INTL HLDGS
8523.0,SHEUNG MOON
8525.0,BAIYING HOLDING
8526.0,WING FUNG GROUP
8527.0,JLOGO HLDGS
8532.0,POLYFAIR HLDGS
8535.0,VISTAR HOLDINGS
8536.0,TL NATURAL GAS
8537.0,CHONG FAI JEWEL
8540.0,VICTORY SEC
8545.0,AMUSE GROUP
8547.0,PACIFIC LEGEND
8569.0,TOPSTANDARD-OLD
8573.0,ZHI SHENG GP
8601.0,BOLTEK
8603.0,FAMEGLOW
8606.0,KINETIX SYSTEMS
8607.0,NARNIA GROUP
8609.0,EGGRICULTURE
8611.0,MINDTELL TECH
8612.0,WORLD SUPER
8613.0,ORIENTAL PAY
8616.0,SUNRAY ENG GP
8619.0,KING OF CATER
8620.0,AE LOGISTICS
8621.0,METROPOLIS CAP
8622.0,HUAKANG BIOMED
8623.0,CHINA SAFTOWER
8627.0,ORANGE TOUR
8631.0,SUN KONG HLDGS
8635.0,NOVACON TECH
8645.0,MICHONG META
8646.0,CHINA HONGGUANG
8657.0,TRUE PARTNER
8659.0,YIK WO INTL
8668.0,YING HAI GROUP
9600.0,NEWLINK TECH
9608.0,SUNDY SERVICE
9616.0,NEUEDU
9618.0,JD-SW
9626.0,BILIBILI-W
9633.0,NONGFU SPRING
9636.0,JF WEALTH
9638.0,FERRETTI
9658.0,SUPER HI
9663.0,SINOSYNERGY
9666.0,JINKE SERVICES
9668.0,CBHB
9669.0,BEISEN HOLDING
9676.0,SHIYUE DAOTIAN
9677.0,WEIHAI BANK
9686.0,NEUSOFT XIKANG
9688.0,ZAI LAB
9689.0,JTF INTL
9690.0,TUHU-W
9696.0,TIANQI LITHIUM
9698.0,GDS-SW
9699.0,SF INTRA-CITY
9857.0,LINMON MEDIA
9858.0,YOURAN DAIRY
9860.0,ADICON HOLDINGS
9863.0,LEAPMOTOR
9866.0,NIO-SW
9868.0,XPENG-W
9869.0,HELENS
9877.0,JENSCARE-B
9878.0,HUITONGDA NET
9880.0,UBTECH ROBOTICS
9882.0,BEST LINKING
9885.0,YSB
9886.0,DINGDANG HEALTH
9888.0,BIDU-SW
9889.0,DRCB
9890.0,ZX INC
9896.0,MNSO
9898.0,WB-SW
9899.0,CLOUD MUSIC
9900.0,GAIN PLUS HLDGS
9901.0,NEW ORIENTAL-S
9906.0,HONLIV HEALTH
9908.0,JIAXING GAS
9909.0,POWERLONG CM
9911.0,NEWBORNTOWN
9913.0,CHI KAN HLDGS
9916.0,XINGYE WULIAN
9918.0,WISE ALLY INTL
9919.0,ACTIVATION GP
9922.0,JIUMAOJIU
9923.0,YEAHKA
9926.0,AKESO
9928.0,TIMES NEIGHBOR
9929.0,SEM HLDGS
9930.0,HORIZON CD
9933.0,GHW INTL
9936.0,XIMEI RESOURCES
9938.0,WAH WO HOLDINGS
9939.0,KINTOR PHARMA-B
9955.0,CLOUDR
9956.0,ANE
9958.0,LITIAN PICTURES
9959.0,LINKLOGIS-W
9960.0,KINDSTAR GLOBAL
9961.0,TRIP.COM-S
9963.0,TRANSTECH
9966.0,ALPHAMAB-B
9969.0,INNOCARE
9978.0,FINELAND LIVING
9979.0,GREENTOWN MGMT
9982.0,CENTRALCHINA MT
9983.0,CC NEW LIFE
9985.0,WL DELICIOUS
9987.0,YUM CHINA
9988.0,BABA-SW
9989.0,HEPALINK
9990.0,ARCHOSAUR GAMES
9991.0,BAOZUN-W
9992.0,POP MART
9993.0,RADIANCE HLDGS
9995.0,REMEGEN
9996.0,PEIJIA-B
9997.0,KANGJI MEDICAL
9998.0,KWAN YONG
9999.0,NTES-S
80011.0,HANGSENG BANK-R
80016.0,SHK PPT-R
80020.0,SENSETIME-WR
80175.0,GEELY AUTO-R
80291.0,CHINARES BEER-R
80388.0,HKEX-R
80700.0,TENCENT-R
80737.0,BAY AREA DEV-R
80883.0,CNOOC-R
80941.0,CHINA MOBILE-R
80992.0,LENOVO GROUP-R
81024.0,KUAISHOU-WR
81211.0,BYD COMPANY-R
81299.0,AIA-R
81810.0,XIAOMI-WR
82020.0,ANTA SPORTS-R
82318.0,PING AN-R
82331.0,LI NING-R
82333.0,GREATWALL MOTOR
82388.0,BOC HONG KONG-R
83690.0,MEITUAN-WR
86618.0,JD HEALTH-R
89618.0,JD-SWR
89888.0,BIDU-SWR
89988.0,BABA-SWR
,GOLDEN CEN INTL
,SUMMIT ASCENT
,IDT INT'L
,AVIC JOY HLDG
,CRTG
,WAH HA REALTY
,BANKOFJINZHOU
,CWT INT'L
,RUIFENG RENEW
,TRAD CHI MED
,CHINA INFRA INV
,TAUNG GOLD
,SOFTMEDX-NEW
,SINO OIL & GAS
,CHINA OCEANWIDE
,C FIN INT INV
,CROWNICORP
,MACROLINK CAP
,TITAN INVO TECH
,GOLDSTONE INV
,SILKROAD LOG
,IMPERIAL PAC
,MAYER HOLDINGS
,JIAYUAN SER
,BAY AREA GOLD
,SRE GROUP
,CHRISTINE
,XIWANG STEEL
,NOVA GROUP
,LET GROUP
,CHINA DILI
,MOBILE INTERNET
,KINGKEY FIN INT
,CHONG KIN GP
,REDCO GROUP
,CMRU
,PUTIAN FOOD
,WELIFE TECH
,SHUANG YUN HLDG
,BABYTREE GROUP
,BRIGHT CULTURE
,CHI LONGEVITY
,XINYUAN PM
,YINCHENG INTL
,CR HOLDINGS
,PINE CARE GP
,DATANG GROUP
,CH GENERAL EDU
,ECOGREEN
,REDCO HEALTHY
,VENUS MEDTECH-B
,SHINSUN HOLD GP
,XINMING CHINA
,DONGZHENG AFC
,JIAYUAN INTL
,EVERGRANDE
,HUAFANG GROUP
,DAFA PPT
,LA CHAPELLE
,CLSA PREMIUM
,TEMPUS HOLD
,POLYARD PETRO
,CHINA COME RIDE
,SEAMLESS GREEN
,BAO SHEN HLDGS
,CU VENTURE INV
,LOCO HK
,CHINA ECO-FARM
,ALL NATION INTL
,HONG WEI ASIA
,FIRST CREDIT
,GAOYU FINANCE
,GUDOU HLDGS
,CHINA SMARTPAY
,GUIXIN GROUP
,CNC HOLDINGS
,INDIGO STAR
,LINOCRAFT HLDGS
,RMH HOLDINGS
,HUIJING HLDGS
,FENGXIANG CO
,DASHAN EDU
