Stock Code,Name
700,TENCENT
9988,BABA-SW
3690,MEITUAN-W
1299,AIA
2269,WUXI BIO
388,HKEX
1211,BYD COMPANY
2318,PING AN
5,HSBC HOLDINGS
3968,CM BANK
939,CCB
467,UNITEDENERGY GP
2331,LI NING
9999,NTES-S
2359,WUXI APPTEC
2015,LI AUTO-W
9618,JD-SW
2319,MENGNIU DAIRY
1398,ICBC
1024,KUAISHOU-W
1928,SANDS CHINA LTD
3988,BANK OF CHINA
2388,BOC HONG KONG
27,GALAXY ENT
2020,ANTA SPORTS
9888,BIDU-SW
291,CHINA RES BEER
992,LENOVO GROUP
669,TECHTRONIC IND
941,CHINA MOBILE
1810,XIAOMI-W
16,SHK PPT
386,SINOPEC CORP
857,PETROCHINA
522,ASMPT
1801,INNOVENT BIO
9961,TRIP.COM-S
883,CNOOC
2899,ZIJIN MINING
9868,XPENG-W
2282,MGM CHINA
2,CLP HOLDINGS
1876,BUD APAC
20,SENSETIME-W
981,SMIC
2601,CPIC
3,HK & CHINA GAS
2628,CHINA LIFE
1,CKH HOLDINGS
9987,YUM CHINA
1109,CHINA RES LAND
1910,SAMSONITE
1821,ESR
1880,CTG DUTY-FREE
2382,SUNNY OPTICAL
1093,CSPC PHARMA
9626,BILIBILI-W
66,MTR CORPORATION
1288,ABC
2688,ENN ENERGY
2328,PICC P&C
960,LONGFOR GROUP
2313,SHENZHOU INTL
3998,BOSIDENG
9901,NEW ORIENTAL-S
1658,PSBC
11,HANG SENG BANK
6618,JD HEALTH
175,GEELY AUTO
1797,EAST BUY
268,KINGDEE INT'L
6030,CITIC SEC
2202,CHINA VANKE
257,EB ENVIRONMENT
9698,GDS-SW
17,NEW WORLD DEV
688,CHINA OVERSEAS
1347,HUA HONG SEMI
101,HANG LUNG PPT
728,CHINA TELECOM
1038,CKI HOLDINGS
863,OSL GROUP
288,WH GROUP
270,GUANGDONG INV
6690,HAIER SMARTHOME
9633,NONGFU SPRING
1088,CHINA SHENHUA
1919,COSCO SHIP HOLD
2399,CN ANCHU ENERGY
868,XINYI GLASS
9688,ZAI LAB
9866,NIO-SW
425,MINTH GROUP
836,CHINA RES POWER
1606,CDB LEASING
1113,CK ASSET
788,CHINA TOWER
1530,3SBIO
2367,GIANT BIOGENE
881,ZHONGSHENG HLDG
1128,WYNN MACAU
267,CITIC
354,CHINASOFT INT'L
1177,SINO BIOPHARM
6862,HAIDILAO
316,OOIL
1772,GANFENGLITHIUM
1918,SUNAC
975,MONGOL MINING
780,TONGCHENGTRAVEL
1308,SITC
1997,WHARF REIC
1164,CGN MINING
853,MICROPORT
6,POWER ASSETS
1171,YANKUANG ENERGY
3328,BANKCOMM
19,SWIRE PACIFIC A
2007,COUNTRY GARDEN
6160,BEIGENE
1357,MEITU
973,L'OCCITANE
2338,WEICHAI POWER
1099,SINOPHARM
6098,CG SERVICES
12,HENDERSON LAND
586,CONCH VENTURE
3692,HANSOH PHARMA
916,CHINA LONGYUAN
3908,CICC
2343,PACIFIC BASIN
998,CITIC BANK
1519,J&T EXPRESS-W
285,BYD ELECTRONIC
3900,GREENTOWN CHINA
1833,PA GOODDOCTOR
2268,WUXI XDC
220,U-PRESID CHINA
1769,SCHOLAR EDU
902,HUANENG POWER
2018,AAC TECH
1378,CHINAHONGQIAO
6865,FLAT GLASS
2883,CHINA OILFIELD
168,TSINGTAO BREW
241,ALI HEALTH
1548,GENSCRIPT BIO
968,XINYI SOLAR
753,AIR CHINA
956,CHINA SUNTIEN
772,CHINA LIT
696,TRAVELSKY TECH
3993,CMOC
6078,HYGEIA HEALTH
2380,CHINA POWER
9926,AKESO
2600,CHALCO
358,JIANGXI COPPER
357,MEILAN AIRPORT
1209,CHINA RES MIXC
144,CHINA MER PORT
2333,GWMOTOR
1800,CHINA COMM CONS
1913,PRADA
762,CHINA UNICOM
1339,PICC GROUP
1611,SINOHOPE TECH
2196,FOSUN PHARMA
3347,TIGERMED
177,JIANGSU EXPRESS
9922,JIUMAOJIU
1055,CHINA SOUTH AIR
322,TINGYI
3800,GCL TECH
135,KUNLUN ENERGY
1368,XTEP INT'L
6990,SKB BIO-B
293,CATHAY PAC AIR
3888,KINGSOFT
1186,CHINA RAIL CONS
1208,MMG
1114,BRILLIANCE CHI
9896,MNSO
2689,ND PAPER
390,CHINA RAILWAY
1888,KB LAMINATES
3323,CNBM
83,SINO LAND
2698,WEIQIAO TEXTILE
4,WHARF HOLDINGS
1193,CHINA RES GAS
3668,YANCOAL AUS
2638,HKELECTRIC-SS
1735,CENTRAL NEW EGY
1138,COSCO SHIP ENGY
763,ZTE
384,CHINA GAS HOLD
1179,HWORLD-S
9890,ZX INC
2669,CHINA OVS PPT
1929,CHOW TAI FOOK
123,YUEXIU PROPERTY
13,HUTCHMED
694,BEIJING AIRPORT
142,FIRST PACIFIC
1405,DPC DASH
3311,CHINA STATE CON
371,BJ ENT WATER
1951,JXR
2888,STANCHART
412,SDHG
551,YUE YUEN IND
1044,HENGAN INT'L
80883,CNOOC-R
10,HANG LUNG GROUP
631,SANY INT'L
245,CHINA VERED FIN
14,HYSAN DEV
1066,WEIGAO GROUP
1766,CRRC
914,CONCH CEMENT
3759,PHARMARON
3898,TIMES ELECTRIC
1952,EVEREST MED - B
2439,CH TREASURES NM
1787,SD GOLD
856,VSTECS
1157,ZOOMLION
1199,COSCO SHIP PORT
1999,MAN WAH HLDGS
2511,HIGHTIDE-B
1818,ZHAOJIN MINING
1336,NCI
520,XIABUXIABU
8,PCCW
1898,CHINA COAL
136,CHINA RUYI
3933,UNITED LAB
6110,TOPSPORTS
2013,WEIMOB INC
2162,KEYMED BIO-B
6979,ZJLD
3618,CQRC BANK
880,SJM HOLDINGS
6060,ZA ONLINE
3606,FUYAO GLASS
1972,SWIREPROPERTIES
6823,HKT-SS
489,DONGFENG GROUP
148,KINGBOARD HLDG
1415,COWELL
2400,XD INC
3320,CHINARES PHARMA
799,IGG
3650,KEEP
314,SIPAI HEALTH
1988,MINSHENG BANK
6969,SMOORE INTL
1942,MOG DIGITECH
2423,BEKE-W
1907,CHINA RISUN GP
1676,SHENGHAI GROUP
1896,MAOYAN ENT
1071,HUADIAN POWER
6881,CGS
9992,POP MART
6689,HONGJIU FRUIT
3918,NAGACORP
1196,REALORD GROUP
2096,SIMCERE PHARMA
9969,INNOCARE
80388,HKEX-R
3633,ZHONGYU ENERGY
839,CHINA EDU GROUP
6830,HUAZHONG IN-V
966,CHINA TAIPING
2459,SANERGY GROUP
6963,SUNSHINE INS
1310,HKBN
3709,EEKA FASHION
576,ZHEJIANGEXPRESS
945,MANULIFE-S
2057,ZTO EXPRESS-W
3377,SINO-OCEAN GP
303,VTECH HOLDINGS
855,CHINA WATER
6699,ANGELALIGN
189,DONGYUE GROUP
1030,SEAZEN
9860,ADICON HOLDINGS
9863,LEAPMOTOR
995,ANHUIEXPRESSWAY
2386,SINOPEC SEG
861,DC HOLDINGS
2289,CHARMACY PHAR
152,SHENZHEN INT'L
2618,JD LOGISTICS
558,LK TECH
1878,SOUTHGOBI
9995,REMEGEN
6837,HAITONG SEC
3808,SINOTRUK
200,MELCO INT'L DEV
659,NWS HOLDINGS
1854,CHINA WANTIAN
1668,CHINASOUTHCITY
639,SHOUGANG RES
1313,CR BLDG MAT TEC
2099,CHINAGOLDINTL
3738,VOBILE GROUP
1816,CGN POWER
867,CMS
2001,NEW HIGHER EDU
2882,HKRH
1773,TIANLI INT HLDG
658,C TRANSMISSION
1060,ALI PICTURES
1478,Q TECH
9696,TIANQI LITHIUM
1497,YAN PALACE
9658,SUPER HI
2276,CONANT OPTICAL
1666,TONG REN TANG
673,CHINA HEALTH
1908,C&D INTL GROUP
710,BOE VARITRONIX
1883,CITIC TELECOM
1776,GF SEC
2208,GOLDWIND
1385,SHANGHAI FUDAN
1316,NEXTEER
3319,A-LIVING
363,SHANGHAI IND H
581,CHINA ORIENTAL
2660,ZENGAME
2314,LEE & MAN PAPER
1958,BAIC MOTOR
2169,CANGGANG-NEW
552,CHINACOMSERVICE
9966,ALPHAMAB-B
1855,ZONQING LTD
1274,IMOTIONAUTOTECH
2252,MEDBOT-B
6855,ASCENTAGE-B
2238,GAC GROUP
6886,HTSC
1836,STELLA HOLDINGS
1052,YUEXIUTRANSPORT
6683,STARPLUS LEGEND
921,HISENSE HA
1516,SUNAC SERVICES
991,DATANG POWER
512,GRAND PHARMA
580,SUN.KING TECH
1268,MEIDONG AUTO
33,INTL GENIUS
2362,JINCHUAN INTL
392,BEIJING ENT
6600,SCICLONE PHARMA
345,VITASOY INT'L
6808,SUNART RETAIL
874,BAIYUNSHAN PH
2477,WELLCELL HOLD
69,SHANGRI-LA ASIA
1798,DATANG RENEW
6186,CHINA FEIHE
3896,KINGSOFT CLOUD
817,CHINA JINMAO
256,CITYCHAMP
590,LUK FOOK HOLD
636,KERRY LOG NET
6821,ASYMCHEM
1579,YIHAI INTL
1359,CHINA CINDA
3868,XINYI ENERGY
297,SINOFERT
2128,CHINA LESSO
1799,XINTE ENERGY
2588,BOC AVIATION
23,BANK OF E ASIA
3393,WASION HOLDINGS
1585,YADEA
302,CMGE
2186,LUYE PHARMA
2385,READBOY
3669,YONGDA AUTO
9939,KINTOR PHARMA-B
2256,ABBISKO-B
1995,CIFI ES SERVICE
1618,MCC
990,THEME INT'L
884,CIFI HOLD GP
1521,FRONTAGE
1523,PLOVER BAY TECH
353,ENERGY INTINV
80700,TENCENT-R
6049,POLY PPT SER
683,KERRY PPT
3983,CHINA BLUECHEM
3978,BESTSTUDY EDU
2147,ZHENGWEI GROUP
2309,ZO FUTURE GROUP
9668,CBHB
806,VALUE PARTNERS
1691,JS GLOBAL LIFE
1458,ZHOU HEI YA
2121,AINNOVATION
3383,AGILE GROUP
2607,SH PHARMA
1072,DONGFANG ELEC
6185,CANSINOBIO
2429,UBOX ONLINE
215,HUTCHTEL HK
1882,HAITIAN INT'L
347,ANGANG STEEL
89988,BABA-SWR
6819,INTELLICENTRICS
546,FUFENG GROUP
9898,WB-SW
2419,DEKON AGR
2886,BINHAI INV
6616,GLOBAL NEW MAT
87,SWIRE PACIFIC B
1083,TG SMART ENERGY
242,SHUN TAK HOLD
6066,CSC
2405,POWERWIN TECH
525,GUANGSHEN RAIL
8083,CHINA YOUZAN
9699,SF INTRA-CITY
9956,ANE
2602,ONEWO
38,FIRST TRACTOR
1877,JUNSHI BIO
3899,CIMC ENRIC
9676,SHIYUE DAOTIAN
2255,HAICHANG HLDG
2393,YESTAR HEALTH
1866,CHINA XLX FERT
81211,BYD COMPANY-R
1258,CHINFMINING
6069,SY HOLDINGS
777,NETDRAGON
1450,BE FRIENDS HLDG
2160,CARDIOFLOW-B
2009,BBMG
596,INSPUR DIGI ENT
866,CHINA QINFA
398,ORIENTAL WATCH
9993,RADIANCE HLDGS
1626,JIA YAO HLDGS
2357,AVICHINA
6606,NH HEALTH
1610,COFCO JOYCOME
2503,ZHONGSHENJIANYE
1133,HARBIN ELECTRIC
819,TIANNENG POWER
6869,YOFC
656,FOSUN INTL
9985,WL DELICIOUS
2337,UNITED STRENGTH
9996,PEIJIA-B
2132,LANDRICH HLDG
1789,AK MEDICAL
6608,BAIRONG-W
598,SINOTRANS
1921,DALIPAL HLDG
2145,CHICMAX
2251,AIRDOC-B
1763,CIRC
1112,H&H INTL HLDG
2155,MORIMATSU INTL
3680,RUIHE DATA
6068,WISDOM EDU INTL
813,SHIMAO GROUP
6666,EVERG SERVICES
826,TIANGONG INT'L
670,CHINA EAST AIR
2158,YIDU TECH
82318,PING AN-R
2127,HUISEN INTL
3931,CALB
933,VIVA GOODS
2469,FENBI
587,CONCH ENVIRO
708,EVERG VEHICLE
1361,361 DEGREES
2285,CHERVON
3396,LEGENDHOLDING
1811,CGN NEW ENERGY
2678,TEXHONG INTL GP
3773,YS DIGIFAVOR
468,GAPACK
1558,HEC CJ PHARM
338,SHANGHAI PECHEM
8238,WINTO GROUP
151,WANT WANT CHINA
1456,GUOLIAN SEC
1733,E-COMMODITIES
1600,TIAN LUN GAS
9878,HUITONGDA NET
909,MING YUAN CLOUD
1513,LIVZON PHARMA
8299,GRAND T G GOLD
1698,TME-SW
3331,VINDA INT'L
1675,ASIAINFO TECH
6669,ACOTEC-B
493,GOME RETAIL
1709,DL HOLDINGS GP
6818,CEB BANK
3360,FE HORIZON
1234,CHINA LILANG
1905,HAITONG UT
1122,QINGLING MOTORS
1425,JUSTIN ALLEN H
80992,LENOVO GROUP-R
223,ELIFE HLDGS
382,EDVANTAGE GROUP
2342,COMBA
2217,TAM JAI INTL
2138,EC HEALTHCARE
1970,IMAX CHINA
35,FE CONSORT INTL
9979,GREENTOWN MGMT
1057,ZHEJIANG SHIBAO
1645,HAINA INTEL
9638,FERRETTI
1119,IDREAMSKY
2291,SCIENTECH
6680,JLMAG
3969,CHINA CRSC
6911,LANCANG TEA
2666,UNI MEDICAL
3390,TYCOON GROUP
1686,SUNEVISION
3316,BINJIANG SER
2232,CRYSTAL INTL
6878,DIFFER GP AUTO
2233,WESTCHINACEMENT
1741,RI YING HLDGS
2696,HENLIUS
2517,GUOQUAN
89888,BIDU-SWR
754,HOPSON DEV HOLD
1448,FU SHOU YUAN
419,HUAYI TENCENT
517,COSCO SHIP INTL
341,CAFE DE CORAL H
2225,JINHAI INTL
604,SHENZHEN INVEST
732,TRULY INT'L
905,WALNUT CAP
9663,SINOSYNERGY
2473,XXF
6169,YUHUA EDU
1428,BRIGHT SMART
2157,LEPU BIO-B
6178,EB SECURITIES
9885,YSB
1719,CIL GROUP
6198,QINGDAO PORT
3382,TIANJINPORT DEV
2356,DAHSING BANKING
178,SA SA INT'L
3330,LINGBAO GOLD
1961,INFINITIES TECH
6820,FRIENDTIMES
81,CH OVS G OCEANS
9936,XIMEI RESOURCES
1025,KNT HOLDINGS
1726,HKE HOLDINGS
2005,SSY GROUP
1400,MOODY TECH HLDG
6127,JOINN
81024,KUAISHOU-WR
80941,CHINA MOBILE-R
1563,ALLI INTL ED LE
2150,NAYUKI
709,GIORDANO INT'L
1725,USPACE TECH
3939,WANGUO MINING
89618,JD-SWR
1783,ENVISION GREEN
2777,R&F PROPERTIES
2411,PAGODA GP
6993,BLUE MOON GROUP
1244,3D MEDICINES
1765,XJ INTL HLDGS
2016,CZBANK
286,AIDIGONG
8300,ROYALGPHLG
1660,ZHAOBANGJI LIFE
1302,LIFETECH SCI
1541,IMMUNEONCO-B
2039,CIMC
611,CNE TECH CORP
1873,VIVA BIOTECH
1813,KWG GROUP
618,PKU RESOURCES
1850,HSC RESOURCES
2799,CHINA HUARONG
440,DAH SING
2355,BAOYE GROUP
811,XINHUA WINSHARE
1672,ASCLETIS-B
854,WILLAS-ARRAY
2142,HBM HOLDINGS-B
2518,AUTOHOME-S
690,UNI-BIO GROUP
471,SILKWAVE INC
1499,OKG TECH
2616,CSTONE PHARMA-B
85,CE HUADA TECH
1440,STAR SHINE HLDG
970,NEW SPARKLEROLL
2315,BIOCYTOGEN-B
697,SHOUCHENG
1286,IMPRO PRECISION
1397,BAGUIO GREEN
3380,LOGAN GROUP
3600,MODERN DENTAL
9608,SUNDY SERVICE
2260,VANOV HOLDINGS
3339,LONKING
9959,LINKLOGIS-W
1401,SPROCOMM INTEL
6055,CTIHK
73,ASIAN CITRUS
2273,GUSHENGTANG
207,JOY CITY PPT
2392,XUANWU CLOUD
1341,HAO TIAN INTL
1992,FOSUN TOURISM
2490,LC LOGISTICS
165,CHINA EB LTD
1860,MOBVISTA
1070,TCL ELECTRONICS
6626,YUEXIU SERVICES
666,REPT BATTERO
83690,MEITUAN-WR
8047,CHINA OCEAN GP
6806,SWHY
2250,B.DUCK SEMK
6682,FOURTH PARADIGM
9636,JF WEALTH
2279,YONGHE MEDICAL
506,CHINA FOODS
6099,CMSC
1475,NISSIN FOODS
1027,CHINA JICHENG
9690,TUHU-W
272,SHUI ON LAND
2486,PLUS GP HOLDING
2025,RUIFENG POWER
8446,BRIGHTSTAR TECH
553,NANJING PANDA
1137,HK TECH VENTURE
2516,FAR INTL
323,MAANSHAN IRON
1247,MIKO INTL
1263,PC PARTNER
1277,KINETIC DEV
2325,YUNKANG GROUP
751,SKYWORTH GROUP
53,GUOCO GROUP
1515,CR MEDICAL
1270,LANGHAM-SS
1745,LVJI TECH
1647,GRANDSHORES
6622,ZHAOKE OPHTH-B
1317,MAPLELEAF EDU
2105,LAEKNA-B
1963,BCQ
6610,FLOWING CLOUD
1418,SINOMAX GROUP
179,JOHNSON ELEC H
1346,LEVER STYLE
1689,HUAXIHOLDINGS
3996,CH ENERGY ENG
327,PAX GLOBAL
612,DING YI FENG
1870,ACME INTL HLDGS
8223,ZYY
1381,CANVEST ENV
1382,PACIFICTEXTILES
2189,KATO (HK) HLDGS
511,TVB
8350,WELL LINK SEC
2120,KN HOSPITAL
3306,JNBY
410,SOHO CHINA
3816,KFM KINGDOM
213,NATIONAL ELEC H
9923,YEAHKA
290,GOFINTECH INNOV
2188,TITANS ENERGY
52,FAIRWOOD HOLD
6889,DYNAM JAPAN
1376,RAFFLESINTERIOR
865,JIANDE INT'L
1949,PLATT NERA
875,CHINA FIN INV
1969,CHINA CHUNLAI
1280,QIDIAN GUOFENG
1162,LUMINA GROUP
308,CHINA TRAVEL HK
2378,PRU
807,SIICENVIRONMENT
6138,HARBIN BANK
321,TEXWINCA HOLD
3309,C-MER EYE
1751,KINGLAND GROUP
1204,BOARDWARE INTEL
1413,KWONG LUEN ENG
1696,SISRAM MED
716,SINGAMAS CONT
536,TRADELINK
8007,GLOBALSTRAT
1375,CC SECURITIES
1980,TIANGE
107,SICHUAN EXPRESS
2453,CONCORD HC GP
1508,CHINA RE
2347,YOHO GROUP
2633,JACOBSON PHARMA
1795,YADONG GROUP
2237,CHINA GRAPHITE
80020,SENSETIME-WR
1283,ACCEL GROUP
542,CN CULTURAL T&A
362,C ZENITH CHEM
1373,IH RETAIL
1723,HK ASIA HLDGS
8229,FUTURE DATA
3315,GOLDPAC GROUP
119,POLY PROPERTY
86,SUN HUNG KAI CO
698,TONGDA GROUP
579,JNCEC
6088,FIT HON TENG
2779,CH XINHUA EDU
752,PICO FAR EAST
1528,RS MACALLINE
667,CHINA EAST EDU
2866,COSCO SHIP DEV
2373,BEAUTYFARM MED
3958,DFZQ
769,CHINA RAREEARTH
3893,CROSSTEC
1755,S-ENJOY SERVICE
82388,BOC HONG KONG-R
6698,STAR CM
743,ASIA CEMENT CH
9911,NEWBORNTOWN
1200,MIDLAND HOLDING
3737,ZHONGZHIPHARM
8130,DADI INTL GROUP
2219,CHAOJU EYE CARE
2153,TAT HONG EQUIP
1894,HANG YICK HLDGS
2789,YUANDA CHINA
2068,CHALIECO
1576,QILU EXPRESSWAY
2198,CHINA SANJIANG
603,CHINA OIL & GAS
951,CHAOWEI POWER
80016,SHK PPT-R
1238,POWERLONG
1023,SITOY GROUP
80175,GEELY AUTO-R
8195,LEGENDARY EDU
931,CHINA HK POWER
2877,SHINEWAY PHARM
6158,ZHENRO PPT
9669,BEISEN HOLDING
2130,CN LOGISTICS
1100,MAINLAND HOLD
2722,CHONGQING M&E
1858,CHUNLI MEDICAL
3638,HUABANG TECH
9666,JINKE SERVICES
460,SIHUAN PHARM
1655,OKURA HOLDINGS
88,TAI CHEUNG HOLD
3833,XINXIN MINING
3681,SINOMAB BIO-B
9955,CLOUDR
1588,CHANJET
1442,INFINITY L&T
2552,HUA MEDICINE-B
6896,GOLDEN THROAT
1176,ZHUGUANG HOLD
548,SHENZHENEXPRESS
8513,MAXWIN INT HLDG
1848,CALC
2427,GUANZE MEDICAL
1029,IRC
204,CAPITAL REALM
3818,CHINA DONGXIANG
315,SMARTONE TELE
2738,HUAJIN INTL
8428,CBK HOLDINGS
108,GR LIFE STYLE
6601,CHEERWIN GP
515,CHINASILVER TEC
182,CONCORD NE
1483,NET-A-GO TECH
8368,CREATIVE CHINA
41,GREAT EAGLE H
82,CRAZY SPORTS
9991,BAOZUN-W
2451,LUYUAN GP HLDG
6996,ANTENGENE-B
1205,CITIC RESOURCES
1033,SINOPEC SSC
423,HKET HOLDINGS
2148,VESYNC
838,EVA HOLDINGS
3303,JUTAL OIL SER
1084,GF HYDROCOLLOID
1981,CATHAY EDU
82333,GREATWALL MOTOR
650,PRODUCTIVE TECH
6123,YTO INTL EXP
1802,WENYE GROUP
1419,HUMAN HEALTH
535,GEMDALE PPT
2195,UNITY ENT
2390,ZHIHU-W
9913,CHI KAN HLDGS
1586,LEON INSPECTION
1812,CHENMING PAPER
235,CSC HOLDINGS
1796,YIELD GO HLDGS
2302,CNNC INT'L
2119,TSIT WING INTL
458,TRISTATE HOLD
1780,B & D STRATEGIC
9990,ARCHOSAUR GAMES
6667,MEGA GENOMICS
2496,YZYBIO-B
3399,YUEYUN TRANS
862,VISION VALUES
2415,MEDSCI
240,BUILD KING HOLD
533,GOLDLION HOLD
133,CHINA MERCHANTS
2521,SHENGHUI CLEAN
3798,HOMELAND ITL
837,CARPENTER TAN
6639,ARRAIL GROUP
2011,CHINA APEX GP
1180,PARADISE ENT
6959,CHANGJIU HLDGS
1183,MECOM POWER
8095,BEIDA JADE BIRD
127,CHINESE EST H
1871,CHINA ORIENTED
1906,BONNY HLDG
3678,HOLLY FUTURES
1753,DUIBA
6885,JINMA ENERGY
1809,PRINX CHENGSHAN
1461,ZHONGTAIFUTURES
1875,TOT BIOPHARM-B
1901,FEIYANG GROUP
1982,NAMESON HLDGS
593,DREAMEAST
2727,SH ELECTRIC
1596,YICHEN IND
2246,GOGOX
568,SHANDONG MOLONG
254,NUR HOLDINGS
1080,SHENGLI PIPE
2369,COOLPAD GROUP
1223,SYMPHONY HOLD
6696,MANY IDEA CLOUD
571,ESUN HOLDINGS
9982,CENTRALCHINA MT
1345,SH PIONEER HLDG
2501,MAIYUE TECH
434,BOYAA
491,EMPEROR CULTURE
64,GET NICE
3337,ANTON OILFIELD
187,JINGCHENG MAC
1815,CSMALL
1593,CHEN LIN EDU
1650,HYGIEIA GROUP
9869,HELENS
2416,EDIANYUN
8482,WAN LEADER
1257,CEB GREENTECH
1760,INTRON TECH
873,SHIMAO SERVICES
2442,EASY SMART GP
2487,CUTIA-B
6100,TONGDAO LIEPIN
2257,SIRNAOMICS-B
1108,TRIUMPH NEW EN
9600,NEWLINK TECH
976,CHIHO ENV
1252,CHINA TIANRUI
6288,FAST RETAIL-DRS
173,K. WAH INT'L
497,CSI PROPERTIES
8476,OCEAN ONE HLDG
591,C HIGHPRECISION
1830,PERFECT MEDICAL
1661,WISDOM SPORTS
248,HKC INT'L HOLD
9997,KANGJI MEDICAL
827,KO YO GROUP
1718,WAN KEI GROUP
95,LVGEM CHINA
8137,HONBRIDGE
720,AUTO ITALIA
113,DICKSON CONCEPT
8622,HUAKANG BIOMED
1323,HUASHENG INTL
1638,KAISA GROUP
8619,KING OF CATER
3369,QHD PORT
6922,CRYOFOCUS-B
37,FE HOTELS
2126,JW THERAP-B
1662,YEE HOP HLDGS
2197,CLOVER BIO-B
2350,MTT GROUP
1091,SOUTH MANGANESE
869,PLAYMATES TOYS
9909,POWERLONG CM
1693,BGMC
2156,C&D PROPERTY
1167,JACOBIO-B
882,TIANJIN DEV
343,CULTURECOM HOLD
547,DIGITAL DOMAIN
830,CSC DEVELOPMENT
2060,PUJIANG INTL
1681,CONSUN PHARMA
2458,GALA TECH HOLD
71,MIRAMAR HOTEL
65,GRAND OCEAN AR
627,JAPAN KYOSEI
592,BOSSINI INT'L
1420,CHUAN HOLDING
1808,ENTERPRISE DEV
360,NEW FOCUS AUTO
451,GCL NEWENERGY
1931,IVD MEDICAL
78,REGAL INT'L
305,WULING MOTORS
2360,BEST MART 360
2798,PER ENERGY
1555,MIE HOLDINGS
776,IMPERIUM TEC GP
80291,CHINARES BEER-R
2008,PHOENIX TV
3313,ARTGO HOLDINGS
3838,CHINA STARCH
906,COFCO PACKAGING
366,LUKS GROUP (VN)
1477,OCUMENSION-B
719,SHANDONG XINHUA
2368,EAGLE NICE
1045,APT SATELLITE
1002,V.S. INT'L
1166,SOLARTECH INT'L
1463,C-LINK SQ
1957,MBV INTL
6829,DRAGON RISE GP
526,LISI GP HOLD
746,L & M CHEMICAL
62,TRANSPORT INT'L
8052,LUK HING ENT
194,LIU CHONG HING
59,SKYFAME REALTY
45,HK&S HOTELS
1975,SUN HING PRINT
8297,OCEAN STAR TECH
418,FOUNDER HOLD
1117,CH MODERN D
1188,HYBRID KINETIC
2265,HC ENV TECH
1925,KWUNGS HOLDINGS
1004,C SMARTERENERGY
1259,PROSPER FUTURE
31,CHINA AEROSPACE
6036,APEX ACE HLDG
6677,SINO-OCEAN SERV
8017,TRADEGO
1909,FIRE ROCK
326,CHINA STAR ENT
8418,OPTIMA AUTO
1539,UNITY GP HLDGS
3658,NEW HOPE SERV
2772,ZHONGLIANG HLDG
2280,HC GROUP
89,TAI SANG LAND
2858,YIXIN
2187,ZHIXIN GP HLDG
2329,GLORY HEALTH
2502,JINYUAN HCHEM
6063,LOTUS HORIZON
1762,WANKA ONLINE
617,PALIBURG HOLD
393,GLORIOUS SUN
6988,JOY SPREADER
1466,AFFLUENTPARTNER
1082,BDV EDU INTL
9889,DRCB
1788,GUOTAI JUNAN I
1985,MICROWARE
317,COMEC
1991,TA YANG GROUP
3389,HENGDELI
1481,SMART GLOBE
2136,LIFESTYLE CHI
1623,HILONG
1612,VINCENT MED
3839,CT ENTERPRISE
887,EMPEROR WATCH&J
550,KINGKEY INT CUL
775,CKLIFE SCIENCES
8512,HYFUSIN GROUP
30,YNBY INTL
915,DAOHE GLOBAL
1159,STARLIGHT CUL
2048,E-HOUSE ENT
1727,HEBEI CONS
2172,MICROPORT NEURO
6828,BG BLUE SKY
1525,GENCH EDU
1233,TIMES CHINA
1502,FIN STREET PPT
1651,TSUGAMI CHINA
1973,TIAN TU CAPITAL
381,KIU HUNG-NEW
1846,EUROEYES
8371,TASTEGOURMET GP
3913,KWG LIVING
695,DONGWU CEMENT
369,WING TAI PPT
6660,AIM VACCINE
8627,ORANGE TOUR
2480,LUZHU BIOTECH-B
103,SHOUGANG CENT
330,ESPRIT HOLDINGS
120,COSMOPOL INT'L
1553,MAIKE TUBE
3878,VICON HOLDINGS
8279,AGTECH HOLDINGS
276,MONGOLIA ENERGY
2425,AUSTASIA GROUP
1069,CN HEALTH TECH
723,RELIANCE GLO HL
2914,MAJOR HLDGS
1839,CIMC VEHICLES
370,CHINA BEST
8448,UNI PRINTSHOP
623,SINOMEDIA
2283,TK GROUP HLDG
139,CENTRALWEALTHGP
2125,STRAWBEAR ENT
195,GREENTECH INTL
8402,PLATEAU TL
1111,HUASHI GROUP
3877,CSSC SHIPPING
757,SOLARGIGA
6968,GANGLONG CHINA
9919,ACTIVATION GP
8156,SINOPHARM TECH
1943,SILVER TIDE
1003,HUANXI MEDIA
3336,JU TENG INTL
8305,ALLUREFEM HLDG
1300,TRIGIANT
34,KOWLOON DEV
922,ANXIANYUAN CH
2245,LYGEND RESOURCE
217,CHINA CHENGTONG
8471,REACH NEW HLDGS
3318,CHINA BOTON
9989,HEPALINK
3698,HUISHANG BANK
9899,CLOUD MUSIC
339,CORE ECON INV
2000,SIM TECH
8363,SDM EDUCATION
1615,AB BUILDERS
9960,KINDSTAR GLOBAL
8473,MI MING MART
1224,C C LAND
1667,DIMMI LIFE HLDG
1843,SNACK EMPIRE
8362,WINNING TOWER
8003,GREAT WORLD
8153,JIADING INTL GP
609,TIANDE CHEMICAL
232,CON AERO TECH
6811,TAI HING GROUP
2030,CABBEEN
2107,FIRST SERVICE
2038,FIH
8041,LUXEY INT'L
8367,SIMPLICITY HLDG
188,SUNWAH KINGSWAY
8070,KEEN OCEAN
227,FIRST SHANGHAI
2235,MICROTECH MED-B
572,FW HOLDINGS
1010,BALK 1798 GP
2389,BJ HEALTH
822,KA SHUI INT'L
110,CHINA FORTUNE
1613,SYNERTONE
1785,CHENGDU EXPWAY
693,TAN CHONG INT'L
755,SHANGHAI ZENDAI
8246,ZHONGHUA GAS
1569,MINSHENG EDU
251,SEA HOLDINGS
9958,LITIAN PICTURES
1271,GRAND MING
832,CENTRAL CHINA
629,YUE DA INTL
8395,QI-HOUSE
8037,CH BIOTECH SER
2913,KUANGCHI
2520,SHANXI INSTALL
1229,NAN NAN RES
1087,INVESTECH HLDGS
2216,BRONCUS-B
1297,SINOSOFT TECH
279,ARTA TECHFIN
228,CHINA ENERGY
672,ZHONGAN GROUP
712,COMTEC SOLAR
128,ENM HOLDINGS
733,HOPEFLUENT
2212,FB MINING
8426,MODERN LIVING
2051,51 CREDIT CARD
1098,ROAD KING INFRA
8247,BIOSINO BIO-TEC
2489,PERSISTENCE RES
6193,TAILAM TECHCON
505,XINGYE ALLOY
97,HENDERSON INV
518,TUNGTEX (HOLD)
18,ORIENTAL E H
1669,GIC GROUP
6978,IMMUNOTECH-B
1968,HINGTEX HLDGS
6989,EXCELLENCE CM
722,UMP
1282,RENZE HARVEST
1121,GOLDENSOLAR
1348,QUALI-SMART
3788,CHINA HANKING
1837,NATURAL FOOD IH
1380,CHI KINGSTONE
1742,HPC HOLDINGS
8493,DRAGON KING GP
954,CHANGMAO BIO
2327,MEILLEUREHEALTH
3623,C SUCCESS FIN
2231,JY GRANDMARK
280,KING FOOK HOLD
1598,21CENTURY EDU
8536,TL NATURAL GAS
6826,HAOHAI BIOTEC
1068,YURUN FOOD
2483,K CASH
6918,KIDZTECH
1480,YAN TAT GROUP
1053,CHONGQING IRON
8148,WUXI LIFE
816,JINMAO SERVICES
918,STATE EN ASSETS
8326,TK NEW ENERGY
8545,AMUSE GROUP
8205,JIAODA WITHUB
8360,AL GROUP
8087,CHINA 33MEDIA
947,MOBI DEV
496,KASEN
90,PUXING ENERGY
1628,YUZHOU GROUP
2193,MAN KING HOLD
8282,GAMEONE
2176,CCID CONSULTING
3768,DCWT
8103,HMVOD
331,FSE LIFESTYLE
1930,SHINELONG
8455,LAI GROUP
1758,BOJUN EDU
1631,REF HOLDINGS
253,SHUNHO HOLDINGS
1303,HUILI RES
1729,TIME INTERCON
1075,CAPINFO
800,A8 NEW MEDIA
2003,VCREDIT
1220,ZHIDAO INT'L
1571,XIN POINT HOLD
3866,BQD
2100,BAIOO
1241,SHUANGHUA H
8140,BOSATECH
2149,BATELAB
2222,NVC INTL
1292,CMA LOGISTICS
943,ZHONGZHENG INTL
8385,PROSPEROUSPRINT
8196,CHINA TIANYF
8519,JIA GROUP
115,GRAND FIELD GP
2270,DESUN SERVICES
3301,RONSHINECHINA
8491,COOL LINK
1315,GREEN ECONOMY
1685,BOER POWER
1156,CHINANEWENERGY
6628,TRANSCENTA-B
2185,BIOHEART-B
3613,TONGRENTANGCM
925,BJ PROPERTIES
6868,TENFU
756,SUMMI
759,CEC INT'L HOLD
2163,BROAD HOMES
3666,SHANGHAI XNG
8511,MIN FU INTL
92,CHAMPION TECH
261,GBA HOLDINGS
3991,CHANGHONG JH
2135,RAILY AESMED
125,SUN HING VISION
6860,FINGERTANGO
828,DYNASTY WINES
2306,YH ENT
2878,SOLOMON SYSTECH
150,HYPEBEAST
8611,MINDTELL TECH
80011,HANGSENG BANK-R
653,BONJOUR HOLD
1736,PARENTING NET
582,SHIN HWA WORLD
1126,DREAM INT'L
8316,CHINA HONGBAO
3662,STARJOY W&T
94,GREENHEART GP
607,FULLSHARE
3728,CHING LEE
420,FOUNTAIN SET
6839,YUNNAN WATER
351,ASIA ENERGY LOG
825,NWDS CHINA
201,MAGNIFICENT
2372,WEILI HOLDINGS
6913,SCVE GROUP
8547,PACIFIC LEGEND
1235,TRAVEL EXPERT
8481,SHENGLONG INTL
1085,HXTL
725,PERENNIAL INT'L
8375,VERTICAL INT'L
3639,YIDA CHINA
6998,GENOR-B
7,WISDOM WEALTH
6908,HG SEMI
1498,PURAPHARM
8451,SUNLIGHT HLDGS
8496,GLOBAL UIN
2339,BWI INT'L
934,SINOPEC KANTONS
1237,CH ENV TECH&BIO
1591,SHUN WO GROUP
2221,NEW CONCEPTS
1986,TSAKER NE
717,EMPEROR CAPITAL
8093,MILLION STARS
3300,CHINA GLASS
815,CHI SILVER GP
1630,KIN SHING HLDGS
8540,VICTORY SEC
834,KANGDA FOOD
8018,FINSOFT FIN
2310,TIMES UNI GP
2917,CCIAM FUTURE EN
40,GOLD PEAK
538,AJISEN (CHINA)
1935,JH EDUCATION
6623,LUFAX
258,TOMSON GROUP
1720,PUTIAN COMM
3321,WAI HUNG GROUP
259,YEEBO (INT'L H)
842,LEOCH INT'L
2728,JINTAI ENERGY H
1526,RICI HEALTH
355,CENTURY C INT'L
8131,ABC MULTIACTIVE
657,G-VISION INT'L
982,HUAFA PPT SER
8066,PHOENITRON HOLD
57,CHEN HSONG HOLD
1327,LUXXU GROUP
499,QINGDAO HLDGS
1578,BANK OF TIANJIN
950,LEE'S PHARM
1181,TANG PALACE
1557,K.H. GP HLDGS
6038,G & M HLDGS
500,FRONTIER SER
2349,CH CITY INFRA
2098,ZALL SMARTCOM
932,SHUNTEN INTL
8379,PRIME INTEL
81810,XIAOMI-WR
465,FUTONG TECH
1228,CANBRIDGE-B
1865,TRENDZON HLDG
8111,CT IND GROUP
486,RUSAL
2448,SPACE GROUP
1245,NIRAKU
1460,ICO GROUP
2086,LEADWAY TECH
9933,GHW INTL
6638,OCFT
1358,PW MEDTECH
1936,RITAMIX
8096,TASTY CONCEPTS
264,CN INT DEV CORP
6093,HEVOL SERVICES
8509,WINE'S LINK
50,HK FERRY (HOLD)
301,SANVO CHEMICALS
9880,UBTECH ROBOTICS
1778,COLOUR LIFE
1966,CHINA SCE GROUP
413,SC HOLDINGS
6833,SINCO PHARMA
8537,CHONG FAI JEWEL
1993,ASIARAY
1340,HUISHENG INTL
8527,JLOGO HLDGS
2608,SUNSHINE 100
1565,VIRSCEND EDU
1097,I-CABLE COMM
1500,INCON
328,ALCO HOLDINGS
1549,EVER HARVEST GP
9930,HORIZON CD
154,BE ENVIRONMENT
184,KECK SENG INV
894,MAN YUE TECH
928,KING INTL INV
1432,CHINA SHENGMU
1273,HK FINANCE GP
2161,JBM HEALTHCARE
893,CHINAVTM MINING
2498,ROBOSENSE
3886,TOWN HEALTH
994,CT VISION SL
1251,SPT ENERGY
8249,RUIYUAN IC TECH
1059,KANTONE HOLDING
236,SAN MIGUEL HK
1532,CHINA PARTYTIME
1086,GOODBABY INTL
810,CH CASTSON 81
1891,HENG HUP
376,YUNFENG FIN
974,SKL
1616,A METAVERSE
230,MINMETALS LAND
1079,PINE TECH
8210,DLC ASIA
3883,CHINA AOYUAN
472,NEW SILKROAD
1472,SANG HING HLDGS
1937,JIACHEN HOLDING
1433,CIRTEK HLDGS
1690,LAP KEI ENGRG
1679,RISECOMM GP
8051,CIRCUTECH
1643,MODERN CHI MED
8081,HANG TAI YUE GP
750,SFSY ENERGY
2323,RENCO HOLDINGS
8612,WORLD SUPER
1777,FANTASIA
1568,SUNDART HLDGS
876,KAISA HEALTH
1161,WATER OASIS GP
686,BJ ENERGY INTL
989,HUA YIN INTL H
196,HONGHUA GROUP
484,FORGAME
895,DONGJIANG ENV
3683,GREAT HARVEST
9858,YOURAN DAIRY
626,PUBLIC FIN HOLD
8609,EGGRICULTURE
202,EVERCHINA INT'L
1011,NT PHARMA
8125,ROYAL CEN RES
997,CHINLINK INTL
8198,CRYPTO FLOW
433,NORTH MINING
6933,SINO-ENTERTAIN
682,CHAODA MODERN
2436,LX TECHNOLOGY
2031,AUSUPREME
8480,FURNIWEB
1332,TOUYUN BIOTECH
1393,HIDILI INDUSTRY
1039,CHANGYOU ALLI
8447,MS CONCEPT
8668,YING HAI GROUP
426,ONE MEDIA GROUP
432,PCPD
1947,MEIHAO GROUP
6083,WORLD-LINK LOG
6136,KANGDA ENV
2230,MEDIALINK GROUP
1869,LI BAO GE GP
9616,NEUEDU
8250,SILK RD ENERGY
2112,GRACE LIFE-TECH
211,STYLAND HOLD
6189,ADWAY
1395,ELL ENV
1338,BAWANG GROUP
610,WAI KEE HOLD
8167,NEO TELEMEDIA
1473,PANGAEA CONNECT
1028,C.BANNER
3329,BOCOM INTL
1527,TENGY ENV
356,DT CAPITAL
8569,TOPSTANDARD-OLD
1617,NANFANG COMM
1759,SINO GAS HLDGS
794,COME SURE GROUP
1490,CHESHI TECH
565,ART GROUP HOLD
3398,CHINA TING
1284,NEW MEDIA LAB
1321,CHINA NEWCITY
2292,THING ON ENT
986,CH ENV ENERGY
1051,G-RESOURCES
206,CM-ENERGY
1948,UJU HOLDING
8120,CH DEMETER FIN
737,BAY AREA DEV
1545,DESIGN CAPITAL
1740,VALUES CULTURAL
8211,ZHEJIANG YONGAN
3919,GOLDENPOWER
2159,MEDIWELCOME
1129,WATER INDUSTRY
2263,FU SHEK FIN
93,TERMBRAY IND
8309,MANSHING GLOBAL
8510,TOPSTANDARD-NEW
1253,GREENLAND BROAD
39,CH BEIDAHUANG
8020,UNITAS HOLD
385,CHINNEY ALLI
789,ARTINI HLDG
767,ZHONG JI LS
953,SHAW BROTHERS
1102,ENVIRO ENERGY
8187,JIMU GROUP
2170,BASECARE-B
691,SHANSHUI CEMENT
1522,BII TRANS TECH
3363,ZHENGYE INT'L
1446,HUNGFOOKTONG
1050,KARRIE INT'L
8217,WMHW
1722,KIN PANG HLDGS
403,STARLITE HOLD
595,AV CONCEPT HOLD
1950,DIWANG IND H
3601,LUDASHI
1971,RSUN SER
1107,MODERN LAND
2177,UNQ HOLDINGS
1189,GBA DYNAMIC
2358,JIU RONG HOLD
1912,CONTEL
1165,SFCE
6893,HINSANG GROUP
585,IMAGI INT'L
601,REMT
3688,TOP SPRING
8029,IMPERIUM FIN GP
8042,KOS INTL
1653,MOS HOUSE
476,EV DYNAMICS
8487,ISP GLOBAL
431,G CHINA FIN
1560,STAR GROUP CO
2211,UNI HEALTH
919,MODERNHEALTHTEC
8283,ZHONGSHI MINAN
455,TIANDA PHARMA
149,CH AGRI-PROD EX
1715,VOLCANO SPRING
1246,BOILLHEALTHCARE
3789,ROYAL DELUXE
332,YUANHENG GAS
346,YANCHANG PETRO
1592,ANCHORSTONE
8623,CHINA SAFTOWER
923,IWS
1637,SH GROUP HLDG
1728,ZHENGTONGAUTO
1900,CHINA ITS
169,WANDA HOTEL DEV
8079,WISDOMCOME GP
3368,PARKSON GROUP
2708,IBO TECH
809,GLOBAL BIO-CHEM
36,FE HLDGS INTL
1889,SANAI HEALTH GP
910,CHINA SANDI
2312,CH FIN LEASING
309,XH NEWS MEDIA
498,BLUE RIVER HLDG
197,HENG TAI
1452,DENOX ENV
1831,SHIFANG HLDG
987,CH RENEW EN INV
1125,LAI FUNG HOLD
2363,TONGDA HONG TAI
8206,S ROBOT EDU
1899,XINGDA INT'L
1218,EASYKNIT INT'L
524,GW TERROIR
1007,LONGHUI INTL
76,ELATE HOLDINGS
9,KEYNE LTD
21,GREAT CHI HLDGS
22,MEXAN
25,CHEVALIER INT'L
26,CHINA MOTOR BUS
28,TIAN AN
29,DYNAMIC HOLD
32,CROSS-HAR(HOLD)
42,NE ELECTRIC
46,COMPUTER & TECH
48,C AUTO INT DECO
51,HARBOUR CENTRE
55,NEWAY GROUP
58,SUNWAY INT'L
60,HK FOOD INV
61,GREEN LEADER
63,CHI ASIA VALLEY
70,RICH GOLDMAN
72,META MEDIA
75,Y.T. REALTY
77,AMS TRANSPORT
79,CENTURY LEGEND
80,CNEWECON FUND
84,STELUX HOLDINGS
"Suspended
91",GOLDEN CEN INTL
96,YUSEI
98,XINGFA ALUM
99,WONG'S INT'L
"Suspended
102",SUMMIT ASCENT
104,ASIA COMM HOLD
105,ASSO INT HOTELS
106,LANDSEA MGMT
111,CINDA INTL HLDG
114,HERALD HOLD
116,CHOW SANG SANG
117,TIANLI HOLDINGS
118,COSMOS MACH
122,CROCODILE
124,GD LAND
126,CARRIANNA
129,ASIA STANDARD
130,MOISELLE INT'L
131,CHEUK NANG HOLD
132,HING YIP HLDGS
137,JINHUI HOLDINGS
138,CCT FORTIS
145,CCIAM FUTURE EN
146,TAI PING CARPET
147,IB SETTLEMENT
156,LIPPO CHINA RES
157,NATURAL BEAUTY
158,MELBOURNE ENT
159,BROCKMAN MINING
160,HON KWOK LAND
162,CENTURY GINWA
163,EMPEROR INT'L
164,CHINA BAOLI TEC
166,NEWTIMES ENERGY
"Suspended
167",IDT INT'L
171,SILVER GRANT
174,GEMINI INV
176,SUPERACTIVE GP
180,KADER HOLDINGS
181,FUJIAN HOLDINGS
183,WINFULL GP
185,ZENSUN ENT
186,NIMBLE HOLDINGS
191,LAI SUN INT'L
193,CAPITAL ESTATE
199,ITC PROPERTIES
205,SEEC MEDIA
209,WINSHINE SCI
210,DAPHNE INT'L
212,NANYANG HOLD
214,ASIA ORIENT
216,CHINNEY INV
218,SWHYHK
219,SHUNHO PROPERTY
222,MIN XIN HOLD
224,PIONEER GLOBAL
225,POKFULAM
226,LIPPO
229,RAYMOND IND
234,NEW CENTURY GP
237,SAFETY GODOWN
239,PAK FAH YEOW
243,QPL INT'L
244,SINCERE
247,TST PROPERTIES
252,SE ASIA PPT
255,LUNG KEE
"Suspended
260",AVIC JOY HLDG
262,DESON DEV INT'L
265,OV SERVICES
266,TIAN TECK LAND
"Suspended
269",CRTG
271,ASIASEC PPT
274,RA SILK ROAD
277,TERN PROPERTIES
"Suspended
278",WAH HA REALTY
287,WINFAIR INV
289,WING ON CO
292,ASIA STD HOTEL
294,YANGTZEKIANG
295,KONG SUN HOLD
296,EMPEROR E HOTEL
298,CHUANG'S CHINA
299,GLORY SUN LAND
306,KWOON CHUNG BUS
310,PROSP INV HOLD
311,LUEN THAI
312,SHIRBLE STORE
313,RICHLY FIELD
318,VONGROUP
320,COMPUTIME
329,OCI INTL
333,TOP FORM INT'L
334,CH DISPLAY OPT
335,UPBEST GROUP
336,HUABAO INTL
337,GREENLAND HK
340,TONGGUAN GOLD
348,CHINAHEALTHWISE
352,FORTUNE SUN
361,SINO GOLF HOLD
365,SINO ICT
367,CHUANG'S INT'L
368,SUPERLAND GROUP
372,PT INTL DEV
373,ALLIED GROUP
374,FOUR SEAS MER
375,YGM TRADING
377,CHINA HUAJUN GP
379,EG LEASING
380,CHINA PIPE
383,CHINA MED&HCARE
387,LEEPORT(HOLD)
389,TONTINE WINES
391,MEI AH ENTER
396,HING LEE (HK)
397,MINERVA GROUP
399,INNOVATIVE PHAR
400,INGDAN
401,WANJIA GROUP
406,YAU LEE HOLD
408,YIP'S CHEMICAL
411,LAM SOON (HK)
"Suspended
416",BANKOFJINZHOU
417,TSE SUI LUEN
422,VMEP HOLDINGS
424,MECOM PWR W2405
428,COCOON HOLDINGS
430,ORIENTAL EXPL
436,NU ENVIRO
438,IRICO NEWENERGY
439,KUANGCHI
442,DOMAINE POWER
444,SINCEREWATCH HK
450,HUNG HING PRINT
456,NEW CITY DEV
459,LEGEND UPSTAR
464,CHINA IN-TECH
474,ACESO LIFE SCI
475,CENTRAL DEV H
480,HKR INT'L
482,SANDMARTIN INTL
483,BAUHAUS INT'L
485,CHINASINOSTAR
487,SUCCESSUNIVERSE
488,LAI SUN DEV
495,PALADIN
508,DINGYI GP INV
509,SUNSHINE
510,CASH FIN SER GP
513,CONTINENTAL H
519,APPLIED DEV
"Suspended
521",CWT INT'L
"Suspended
527",RUIFENG RENEW
528,KINGDOM HOLDING
529,SIS INT'L
531,SAMSON HOLDING
532,WKK INTL (HOLD)
540,SPEEDY GLOBAL
543,PACIFIC ONLINE
544,DAIDO GROUP
554,HANS ENERGY
556,PAN ASIA ENVIRO
557,TIANYUAN HEALTH
559,DETAI NEWENERGY
560,CHU KONG SHIP
563,SH IND URBAN
564,ZMJ
567,DAISHOMICROLINE
"Suspended
570",TRAD CHI MED
573,TAO HEUNG HLDGS
574,PASHUN INT'L
575,REGENT PACIFIC
583,GWPA HOLDINGS
588,BEIJING N STAR
589,JIANZHONG CONS
599,E. BON HOLDINGS
"Suspended
600",CHINA INFRA INV
602,JIAHUA STORES H
605,C FIN SERVICES
606,SCE CM
608,HIGH FASHION
613,PLANETREE INT'L
616,EMINENCE ENT
619,SOUTH CHINA FIN
620,DTXS SILK ROAD
"Suspended
621",TAUNG GOLD
622,OSHIDORI
628,GOME FIN TECH
630,AMCO UNITED
632,CHK OIL
635,PLAYMATES
637,LEE KEE
638,KIN YAT HOLD
640,INFINITY DEV
641,CHTC FONG'S INT
643,CARRY WEALTH
645,ARES ASIA
646,CHINA ENV TEC
"Suspended
648",SOFTMEDX-NEW
655,HK CHINESE LTD
660,WAI CHUN BIOTEC
661,CDAYENONFER
662,ASIA FINANCIAL
663,KING STONE ENGY
668,DOYEN INTL HOLD
674,CHINA TANGSHANG
675,K & P INT'L
676,PEGASUS INT'L
677,GOLDEN RES DEV
679,ASIA TELE-NET
681,CHI PEOPLE HOLD
684,ALLAN INT'L
685,MEDIA CHINESE
687,TYSAN HOLDINGS
689,EPI (HOLDINGS)
701,CNT GROUP
"Suspended
702",SINO OIL & GAS
703,FUTURE BRIGHT
704,HUSCOKE HLDGS
707,ATV HOLDINGS
711,ASIA ALLIED INF
713,WORLD HOUSEWARE
"Suspended
715",CHINA OCEANWIDE
718,TAI UNITED HOLD
"Suspended
721",C FIN INT INV
724,RUIXIN INT'L
726,DIT GROUP
"Suspended
727",CROWNICORP
730,CAPITAL IND FIN
731,C&D NEWIN
736,CHINA PPT INV
738,LE SAUNDA
745,CN CULTURE GP
747,SHENYANG PUBLIC
"Suspended
758",MACROLINK CAP
760,TALENT PPT GP
764,ETERNITY INV
765,PERFECTECH INTL
768,UBA INVESTMENTS
770,SHANGHAI GROWTH
771,AUTOMATED SYS
784,LING YUI
797,7ROAD
798,CEOVU
802,CHINA E-WALLET
804,PINESTONE
812,SWSI
814,JINGKELONG
818,HI SUN TECH
821,VC HOLDINGS
829,SHENGUAN HLDGS
831,CR ASIA
833,ALLTRONICS
840,TIANYE WATER
841,CASSAVA RES
844,GREATIME INTL
845,GLORIOUS PPT H
846,MINGFA GROUP
848,MAOYE INT'L
851,SHENG YUAN HLDG
852,STRONG PETRO
858,EXTRAWELL PHAR
859,ZHONGCHANG INTL
860,APOLLO FMG
864,WING LEE PPT
871,CH DREDG ENV
"Suspended
872",TITAN INVO TECH
878,SOUNDWILL HOLD
888,BISON FINANCE
889,DATRONIX HOLD
896,HANISON
897,WAI YUEN TONG
898,MULTIFIELD INTL
899,ZHONG JIA GX
900,AEON CREDIT
"Suspended
901",GOLDSTONE INV
907,ELEGANCEOPTICAL
911,QIANHAI HEALTH
912,SUGA INT'L
913,HARBOUR DIGITAL
924,KHOON GROUP
926,BESUNYEN
927,FUJIKON IND
929,IPE GROUP
936,KAISA CAPITAL
938,MAN SANG INT'L
948,ALPHA PRO HLDGS
952,QUAM PLUS FIN
959,CENTURY ENT INT
969,HUA LIEN INT'L
978,CHI MER LAND
979,GREEN ENERGY GP
980,LIANHUA
983,SOCAM DEV
984,AEON STORES
"Suspended
988",SILKROAD LOG
993,HUARONG INT FIN
1000,BEIJING MEDIA
1001,HK SH ALLIANCE
1005,MATRIX HOLDINGS
1008,LITU HOLDINGS
1009,INT'L ENT
1013,WAI CHUN GROUP
1020,CYBERNAUT INT'L
1022,FEIYU
1026,UNIVERSAL TECH
1034,FULLWEALTH
1036,VANKE OVERSEAS
1037,MAXNERVA TECH
1046,UNIVERSE ENT
1047,NGAI HING HONG
1049,CELESTIAL ASIA
1058,NAMYUE HOLDINGS
1061,ESSEX BIO-TECH
1062,CDB INT'L INV
1063,SUNCORP TECH
1064,ZHONG HUA INT'L
1065,TIANJIN CAPITAL
1073,DA YU FIN
"Suspended
1076",IMPERIAL PAC
1090,DA MING INT'L
1094,CHERISH SUN
1101,HUARONG ENERGY
1104,APAC RESOURCES
1105,SING TAO
1110,KINGWORLD
1115,TIBET WATER
"Suspended
1116",MAYER HOLDINGS
1118,GOLIK HOLDINGS
1120,ARTS OPTICAL
1123,CHINA-HK PHOTO
1124,COASTAL GL
1127,LION ROCK GROUP
1130,CHINA ENV RES
1132,ORANGE SKY G H
1134,KELFRED
1140,WEALTHINK AI
1141,CMBC CAPITAL
1142,E&P GLOBAL
1143,CN ENGY STORAGE
1145,COURAGE INV
1146,CH OUTFITTERS
1147,EDENSOFT
1148,POWER XINCHEN
1150,MILAN STATION
1152,MOMENTUM FIN
"Suspended
1153",JIAYUAN SER
1160,GOLDSTONE CAP
1163,ADTIGER CORP
1168,SINOLINK HOLD
1170,KINGMAKER
1172,MAGNUSCONCORDIA
1173,VEEKO INT'L
1182,SUCCESS DRAGON
1184,S.A.S. DRAGON
1185,CHINA ENERGINE
"Suspended
1194",BAY AREA GOLD
1195,KINGWELL GROUP
1198,ROYALE HOME
1201,TESSON HOLDINGS
1202,SIWI SCI & TECH
1203,GUANGNAN (HOLD)
1206,TECHNOVATOR
"Suspended
1207",SRE GROUP
"Suspended
1210",CHRISTINE
1213,MOBICON GROUP
1215,KAI YUAN HLDGS
1216,ZYBANK
1217,CH INNOVATION
1221,SINO HOTELS
1222,WANG ON GROUP
1225,LERADO FIN
1226,CH INV FIN GP
1231,NEWTON RES
1232,GW TIANDI
1239,TEAMWAY INTL GP
1240,CNQC INT'L
1243,WANG ON PPT
1250,SDHS NEW ENERGY
1255,TATA HEALTH
1260,WONDERFUL SKY
1262,LABIXIAOXIN
1265,TIANJINJINRAN
"Suspended
1266",XIWANG STEEL
1269,FIRST CAP GP
1272,DATANG ENVIRO
1278,CHINANEWTOWN
1281,XINDA INV HLDGS
1285,JIASHILI GP
1289,SUNLIT SCI
1290,CHINA HUIRONG
1293,GRAND BAOXIN
1298,YUNNAN ENERGY
1301,D&G TECH
1305,WAI CHI HOLD
1312,KONTA CHINA
1314,TSUI WAH HLDG
1319,OIWAHPAWN
1326,TRANSMIT ENT
1328,GOLDSTREAM INV
1329,CAPITAL GRAND
1330,DYNAGREEN ENV
1335,SHEEN TAI
1343,WEI YUAN HLDG
1349,FUDANZHANGJIANG
1351,BRIGHT FUTURE
1355,LEGEND STRAT
"Suspended
1360",NOVA GROUP
1362,SIS MOBILE
1370,AOWEI HOLDING
1371,CHINA ECOTOUR
1372,C CARBONNEUTRAL
1379,WENLING MCT
"Suspended
1383",LET GROUP
"Suspended
1387",CHINA DILI
1388,EMBRY HOLDINGS
1389,MAJOR HLDGS
1396,GD-HKGBA HLDGS
1399,VESON HLDG
1402,I-CONTROL
1406,CLARITY MEDICAL
1407,JY GAS
1408,MACAU E&M
1410,EDVANCE INTL
1412,Q P GROUP
1416,CTR HOLDINGS
1417,RIVERINE CHINA
1421,KINGBO STRIKE
1427,CH TIANBAO GP
1429,SKYMISSION GP
1431,YST DAIRY
"Suspended
1439",MOBILE INTERNET
1443,FULUM GP HLDG
1447,SFK
1449,LEADER EDU
1451,MS GROUP HLDGS
1455,FOURACE IND GP
1459,JUJIANG CONS
"Suspended
1468",KINGKEY FIN INT
1469,GET NICE FIN
1470,PROSPER ONE
1476,HENGTOU SEC
1486,C CHENG HLDGS
1488,BEST FOOD HLDG
1489,GC CONSTRUCTION
1495,JIYI HOLDINGS
1496,AP RENTALS
1501,INT MEDICAL
1518,NC HEALTHCARE
1520,VIRTUAL MIND
1529,YUES INTL HLDG
1536,YUK WING GP
1538,ZHONG AO HOME
1540,LEFTFIELD PRINT
1542,TAIZHOU WATER
1543,JOIN-SHARE
1546,THELLOY DEV
1547,IBI GROUP HLDGS
1551,GRCB
1552,BHCC HOLDING
1556,CHINNEY KW
1559,KWAN ON HLDGS
1561,PAN ASIA DATA H
1566,CA CULTURAL
1570,WEIYE HOLDINGS
1572,CHINA ART FIN
1575,MORRIS HOME
1577,HUIXIN CREDIT
1580,DA SEN HLDGS
1581,PROGRESSIVE P
1582,CR CONSTRUCTION
1583,QINQIN FOODS
1587,SHINEROAD INTL
1597,NATURE ENERGY T
1599,UCD
1601,ZGC TEC LEASING
1608,VPOWER GROUP
"Suspended
1609",CHONG KIN GP
1620,CINESE INTL
1621,VICO INTL HLDGS
"Suspended
1622",REDCO GROUP
1627,ABLE ENG HLDGS
1629,CHAMP ALLI INTL
1632,MSCTECH
1633,SHEUNG YUE GP
1635,DZUG
"Suspended
1636",CMRU
1640,RUICHENG CHINA
1652,FUSEN PHARM
1656,ISDN HOLDINGS
1657,SG GROUP HLDGS
1663,S HARBOURHOLD
1665,PENTAMASTER
1671,TIANBAO ENERGY
1673,HUAZHANG TECH
1680,MACAU LEGEND
1682,HP LIVING TECH
1683,HOPE LIFE INT
1692,TOWNRAY HLDGS
1695,S&P INTL HLDG
1697,SDITC
"Suspended
1699",PUTIAN FOOD
1701,TU YI HLDG
1702,DONGGUANG CHEM
"Suspended
1703",WELIFE TECH
1705,B & S INTL HLDG
"Suspended
1706",SHUANG YUN HLDG
1707,GEOTECH HLDGS
1708,SAMPLE TECH
1710,TRIO IND ELEC
1711,ULFERTS
1712,DRAGON MINING
1713,SICHUAN EN INV
1716,MOST KWAI CHUNG
1717,AUSNUTRIA
1721,FSM HOLDINGS
1730,LHN
1731,PROSPEROUS IND
1732,XIANGXING INT
1737,A & S GROUP
1738,FS ANTHRACITE
1739,QEEKA HOME
1746,MAN SHUN GP
1747,HOME CONTROL
1748,XIN YUAN ENT
1749,SHANSHAN
1750,REM GROUP HLDGS
1752,TOP EDUCATION
1756,C VOCATIONAL ED
1757,AFFLUENT FDN
"Suspended
1761",BABYTREE GROUP
1767,TS WONDERS
1771,SUNFONDA GP
1775,BEXCELLENT GP
1782,IB DIGITAL TECH
1786,CRCCE
1790,TIL ENVIRO
1792,CMON
1793,WECON HOLDINGS
1803,BJ SPORTS & ENT
1817,MULSANNE GROUP
1820,PM PACKAGING
1822,CHINA WOOD INT
1823,HUAYUEXPRESSWAY
1825,STERLING GP
1826,FDB HOLDINGS
1827,MIRICOR
1832,SAI LEISURE
1835,REALWAY CAPITAL
1841,A.PLUS GROUP
1842,GROWN UP GROUP
1845,WG ENV TECH
1847,GHPC
1849,AM GROUP
1851,GINGKO EDU
1853,CHUNCHENG HEAT
1856,ERNEST BOREL
1857,CEB WATER
"Suspended
1859",BRIGHT CULTURE
1861,PRECIOUS DRAGON
1862,JINGRUI HLDGS
"Suspended
1863",CHI LONGEVITY
1867,STD DEV GROUP
1868,NEO-NEON
1872,GUAN CHAO HLDGS
1884,EPRINT GROUP
1890,CHINA KEPEI
"Suspended
1895",XINYUAN PM
1897,MILLIONHOPE IND
"Suspended
1902",YINCHENG INTL
1903,JBB BUILDERS
"Suspended
1911",CR HOLDINGS
1915,TAIHE M-FIN
1916,JIANGXI BANK
1917,DOUMOB
1920,HANDS FORM HLDG
1922,YINCHENG LS
1927,JIUJIUWANG
1932,CPM GROUP
1933,ONEFORCE HLDGS
1938,CHU KONG PIPE
1939,TOKYO CHUO
1940,CGII HLDGS
1941,YE XING GROUP
1945,ZERO2IPO
1953,RIMBACO
1955,JOHNSON HLDGS
1959,CENT UNIT HLDG
1960,TBKS HLDGS
1962,EVERGREEN PG
1965,LANDSEA LIFE
1967,CONFIDENCE IN
1977,ANALOGUE HLDGS
1978,LH GROUP
1979,TEN PAO GROUP
1983,LUZHOU BANK
1987,BENG SOON MACH
"Suspended
1989",PINE CARE GP
1996,RSUN PPT
2002,SUNSHINE PAPER
2012,SUNSHINE OIL
2017,CHANHIGH
2019,DEXIN CHINA
2022,DIGIT HOLLYWOOD
2023,CHINA LUDAO
2028,JOLIMARK
2033,TIME WATCH
2066,SHENGJINGBANK
2076,BOSS ZHIPIN-W
2078,PANASIALUM
2080,AUX INTL
2088,XIWANG PROPERTY
2101,FULU HOLDINGS
2102,TAK LEE MACH
2108,K2 F&B
2110,TIAN CHENG HLDG
2111,BEST PACIFIC
2113,CENTURY GP INTL
2115,CM HI-TECH
2116,JS INNOV
"Suspended
2117",DATANG GROUP
2122,KIDSLAND INTL
2129,LEGION CONSO
2131,NETJOY
2137,BRII - B
2139,BANK OF GANSU
2146,ROISERV
2152,SUXIN SERVICES
2165,LING YUE SER GP
2166,SMART-CORE
2167,TI CLOUD
2168,KAISA PROSPER
2171,CARSGEN-B
"Suspended
2175",CH GENERAL EDU
2178,PETRO-KING
2179,RECBIO-B
2180,MANPOWER GRC
2181,MABPHARM-B
2182,TIAN CHANG GP
2190,ZYLOXTB-B
2192,MEDLIVE
2199,REGINA MIRACLE
2203,BRAINHOLE TECH
2205,KANGQIAO SER
2207,RONSHINE SERV
2209,YESASIA HLDGS
2210,BEIJING JIAYE
2215,DEXIN SER GROUP
2218,ANDRE JUICE
2223,CASABLANCA
2226,HONWORLD GP
2227,SOLIS HOLDINGS
2236,WISON ENGRG
2239,SMIT
2258,WATTS INT'L
2262,SLD GROUP
2266,LAI SI ENT
2271,ZHONGAN SERVICE
2281,XINGLU WATER
2286,CHEN XING
2288,RYKADAN CAPITAL
2293,BAMBOOSHEALTH
2295,MAXICITY
2297,RAINMED-B
2298,COSMO LADY
2299,BILLION IND
2307,KAM HING INT'L
2317,VEDAN INT'L
2320,HOP FUNG GROUP
2321,SWANGCHAICHUAN
2322,HK CHAOSHANG GP
2324,CAPITAL VC
2326,NPE HOLDINGS
2330,CHINA UPTOWN
2336,SHUOAO INTL
2340,ISP HOLDINGS
"Suspended
2341",ECOGREEN
2348,DAWNRAYS PHARMA
2352,DOWELL SERVICE
2361,SINOHEALTH HLDG
"Suspended
2370",REDCO HEALTHY
2371,CHUANGLIAN HOLD
2376,LUSHANGSERVICES
2377,BOQI ENV
2381,SMC ELECTRIC
2383,TOM GROUP
2391,TUYA-W
2402,SINOHYTEC
2403,STYLAND W2410
2407,GAUSH MEDITECH
2409,SEACON
2418,DEEWIN
2420,ZIBUYU
2421,KRP DEVELOPMENT
2422,REGO INTERACT
2433,ZT HN GROUP
2440,HOWKINGTECH
2450,HUAIBEI GD CO
2455,RUNHUA SERVICE
2457,BUYANG INTL
2481,WISE LIVING TEC
2482,LOGORY
2488,LAUNCH TECH
2499,FOLANGSI
"Suspended
2500",VENUS MEDTECH-B
2528,FW FASHION INT
2558,JINSHANG BANK
"Suspended
2599",SHINSUN HOLD GP
2611,GTJA
2623,ADD NEW ENERGY
2663,KPA-BM HLDGS
2668,PAK TAK INT'L
2680,INNOVAX HLDGS
2682,YUN LEE MARINE
2683,WAHSUN HANDBAGS
"Suspended
2699",XINMING CHINA
2700,GREEN INTL HLDG
"Suspended
2718",DONGZHENG AFC
"Suspended
2768",JIAYUAN INTL
2863,GOLDEN FAITH GP
2869,GREENTOWN SER
2880,LIAONING PORT
2885,PEIPORT HOLD
2892,MILLION CITIES
2908,KIU HUNG-OLD
2909,CANGGANG-OLD
3302,KINERGY
3322,WIN HANVERKY
3326,PERFECT GROUP
3332,SINOLIFE UTD
"Suspended
3333",EVERGRANDE
3348,CHINA PENGFEI
3366,OCT (ASIA)
3395,JX ENERGY
3603,XINJI SHAXI
"Suspended
3611",HUAFANG GROUP
3616,EVER REACH GP
3626,HSSP INTL
3628,RENHENG ENT
3660,QFIN-S
3686,CLIFFORDML
3689,KANGHUA HEALTH
3699,EB GRAND CHINA
3700,INKEVERSE
3708,CH SUPPLY CHAIN
3718,BJ ENT URBAN
3778,CHINA WEAVING
3813,POU SHENG INT'L
3822,SAM WOO CONS
3828,MING FAI INT'L
3830,KIDDIELAND
3836,HARMONY AUTO
3848,HAOSEN FINTECH
3860,EPS HEALTH TECH
3869,HOSPITAL CORP
3882,SKYLIGHT HLDG
3889,GLOBAL SWEET
3903,HANHUA FIN
3928,S&T HLDGS
3938,LFG INV HLDGS
3963,RONGZHONG FIN
3989,CAPITAL ENV
3990,MIDEA REAL EST
3997,TSO
3999,DACHAN FOOD
4332,AMGEN-T
4333,CISCO-T
4335,INTEL-T
4336,APPL MATERIAL-T
4337,STARBUCKS-T
4338,MICROSOFT-T
4618,GRCB 19USDPREF
4619,BOC 20USDPREF
4620,ICBC 20USDPREF
4621,CINDA 21USDPREF
4801,INTERRA ACQ Z25
4827,VISION DEAL Z24
4836,AQUILA ACQ Z25
4841,HK ACQ Z25
4855,TECHSTARACQ Z25
6033,TELECOM DIGIT
6058,CISI FIN
6080,WING CHI HLDGS
6108,NEW RAY MEDIC
"Suspended
6111",DAFA PPT
6113,UTS MARKETING
"Suspended
6116",LA CHAPELLE
6117,RIZHAO PORT JR
6118,AUSTAR
6119,TIAN YUAN GP
6122,JIUTAI RCB
6128,GRAPHEX GROUP
6133,VITAL INNO
6162,TR INTERIORS
6163,GEMILANG INTL
6182,TWINTEK
6188,BJ DIGITAL
6190,BANKOFJIUJIANG
6196,BANKOFZHENGZHOU
6199,BANK OF GUIZHOU
6609,HEARTCARE-B
6611,SANXUN GROUP
6633,QINGCI GAMES
6655,HUAXIN CEMENT
6661,HUZHOU GAS
6663,IWS GROUP
6668,E-STAR CM
6686,NOAH HOLDINGS
6805,KIMOU ENVIRON
6812,WINSON HLDGS HK
6816,PROSPER CONS
6822,KING'S FLAIR
6836,TIANYUN INT'L
6838,WINOX
6858,HONMAGOLF
6866,ZUOLI M-FIN
"Suspended
6877",CLSA PREMIUM
"Suspended
6880",TEMPUS HOLD
6882,EGL HOLDINGS
6888,FREETECH
6890,KANGLI INT HLDG
6898,CHINA ALUMCAN
6899,OURGAME
6900,SUNKWAN PPT
6909,BETTERLIFE HLDG
6919,RENRUI HR
6928,TOMO HOLDINGS
6929,ORBUSNEICH
6939,MEGAIN
6955,BOAN BIOTECH
6958,ZHENRO SERVICES
6966,C WAN TONG YUAN
6999,LEADING HLDGS
7801,INTERRA ACQ-Z
7827,VISION DEAL-Z
7836,AQUILA ACQ-Z
7841,HK ACQ-Z
7855,TECHSTARACQ-Z
8001,ORIENTSEC INT
8005,YUXING INFOTECH
8006,SINO SPLENDID
"Suspended
8011",POLYARD PETRO
8013,ECI TECH
8019,HAO WEN HLDGS
8021,WLS HOLDINGS
8023,KWONG MAN KEE
8026,CB GLOBAL
8027,KPM HOLDING
8028,TIMELESS
8030,FLYING FIN
8031,ETS GROUP
8033,VODATEL NETWORK
8035,JANCO HOLDINGS
8036,EBROKER GROUP
"Suspended
8039",CHINA COME RIDE
8040,COOLPOINT INNO
8043,ATLINKS
8045,NANDASOFT
8048,YU TAK INT'L
8049,JILIN CHANGLONG
8050,QUANTUM THINK
8053,PIZU GROUP
8056,LIFE CONCEPTS
8057,MADISON HLDG
8059,GLORY FLAME
8060,GLOBAL LINK
8062,EFT SOLUTIONS
8063,GLOBAL M HLDG
8065,KML TECH
8067,OUC HOLDINGS
8069,FLYDOO TECH
8071,CH NETCOMTECH
8072,ROMA META GROUP
8073,SINGYES NM
8076,SING LEE
8080,NAS HOLDINGS
8082,SUNNY SIDE UP
8091,OOH HOLDINGS
8092,ITE HOLDINGS
8098,CL GROUP
8100,GET HOLDINGS
8106,SHENGHUA LANDE
8107,VISION INT HLDG
8112,CORNERSTONE FIN
8113,HI-LEVEL TECH
8115,SHANGHAI QINGPU
8117,CHI P ENERGY
8118,BORTEX GLOBAL
8121,GUOEN HOLDINGS
8123,SINOFORTUNE FIN
8126,G. A. HOLDINGS
8128,CHYY GP
8132,CENTURY EN INTL
8133,JISHENG GP HLDG
8136,IMS GROUP
8139,CHANGAN RH
8143,GF HEALTHCARE
8146,GRACEWINE
8147,MILLENNIUM PG
8149,ALTUS HLDGS
"Suspended
8150",SEAMLESS GREEN
"Suspended
8151",BAO SHEN HLDGS
8152,M&L HOLDINGS
8158,CRMI
"Suspended
8159",CU VENTURE INV
8160,GOLDWAY EDU
8161,MEDINET GROUP
"Suspended
8162",LOCO HK
8163,NOIZ GROUP
"Suspended
8166",CHINA ECO-FARM
8168,AMASSE CAPITAL
8169,ECO-TEK HLDGS
"Suspended
8170",ALL NATION INTL
8172,LAJIN ENT
8173,HEPHAESTUS HLDG
8176,SUPERROBOTICS
8178,CHINA INFO TECH
8179,PALINDA GROUP
8181,SHISHI SERVICES
8186,ALMANA
8188,GME GROUP
8189,TEDA BIOMEDICAL
"Suspended
8191",HONG WEI ASIA
8193,ASIAPAC FIN INV
8200,SAU SAN TONG
8201,PPS INT'L
8203,KAISUN HOLDINGS
8208,WMCH GLOBAL
8213,STARGLORY HLDGS
"Suspended
8215",FIRST CREDIT
8218,ECHO INT HOLD
8219,HANVEY GROUP
8220,BINGO GROUP
"Suspended
8221",GAOYU FINANCE
8222,E LIGHTING
8225,C HEALTH GP
8226,KOALA FIN GP
8227,HAITIAN ANTENNA
8232,CLASSIFIED GP
8237,LINK HOLDINGS
8239,CAPITAL FIN
8241,YING KEE TEA
8245,SHANYU GROUP
8257,GENES TECH
8262,SUPER STRONG
8267,LINEKONG
8268,SMART CITY DEV
8269,WEALTH GLORY
8270,CHINA CBM
8271,GDC
8275,CHINA NEW CONS
8277,STEEDORIENTAL
8280,CDV HOLDINGS
8281,CH GOLD CLASSIC
8285,SLING GROUP
8286,CCOE
8290,AHSAY BACKUP
8291,WAN CHENG METAL
8292,WORLDGATEGLOBAL
8293,SINGASIA HLDG
8295,KINGWISOFT TECH
8296,SINO-LIFE GROUP
8307,MEDICSKIN
"Suspended
8308",GUDOU HLDGS
8310,DAFENG PORT
8311,PERFECT OPT
8313,ZACD
8315,GREATWALLE INC
8317,FINET GROUP
8319,EXPERT SYS
8320,AEC GROUP
8321,TAI KAM HLDGS
"Suspended
8325",CHINA SMARTPAY
8328,XY ELEC STORAGE
8329,NEP INTERLONG
8331,P.B. GROUP
8333,ASTRUM FIN
8337,DIRECTEL
8340,ZIJING INTL FIN
8341,AESO HOLDING
8347,F8 ENT
8348,BINHAI TEDA
"Suspended
8349",GUIXIN GROUP
8353,ANACLE
"Suspended
8356",CNC HOLDINGS
8357,REPUBLIC HC
8365,HATCHER GROUP
8366,ZJ UNITED INV
8370,ZHI SHENG GP
8372,GBG HOLDINGS
"Suspended
8373",INDIGO STAR
8377,HARBOUR EQUINE
"Suspended
8383",LINOCRAFT HLDGS
8391,CORNERSTONE TEC
8392,SATU HOLDINGS
8400,ASIA PIONEER
8401,STREAM IDEAS
8403,DOWWAY
8405,HANG CHI HLDG
8406,CHINA ORAL IND
8411,K W NELSON GP
8412,NEW AMANTE
8413,ASIA GROCERY
8416,HM INTL HLDGS
8417,DADI EDU
8419,AV PROMOTIONS
8420,NEXION TECH
8422,WT GROUP
8423,CHI HO DEV
8425,HING MING HLDGS
8427,SK TARGET
8429,SV VISION
8430,C&N HOLDINGS
8431,HAO BAI INTL
8432,BAR PACIFIC
8436,TAKBO GROUP
"Suspended
8437",RMH HOLDINGS
8439,SOMERLEY CAP
8445,NOBLE ENG GP
8450,EDICO HOLDINGS
8452,FY FINANCIAL
8456,MANSION INTL
8460,BASETROPHY GP
8462,OMNIBRIDGE HLDG
8472,LAPCO HOLDINGS
8475,K GROUP HLDGS
8483,MAX SIGHT GROUP
8489,GP LOGISTICS
8490,NICHE-TECH SEMI
8495,1957 & CO.
8500,ICONCULTURE
8501,SANBASE CORP
8502,OCEAN LINE PORT
8507,I.CENTURY HLDG
8516,GRAND TALENTS
8521,ST INTL HLDGS
8523,SHEUNG MOON
8525,BAIYING HOLDING
8526,WING FUNG GROUP
8532,POLYFAIR HLDGS
8535,VISTAR HOLDINGS
8573,ZHI SHENG GP
8601,BOLTEK
8603,FAMEGLOW
8606,KINETIX SYSTEMS
8607,NARNIA GROUP
8613,ORIENTAL PAY
8616,SUNRAY ENG GP
8620,AE LOGISTICS
8621,METROPOLIS CAP
8631,SUN KONG HLDGS
8635,NOVACON TECH
8645,MICHONG META
8646,CHINA HONGGUANG
8657,TRUE PARTNER
8659,YIK WO INTL
9677,WEIHAI BANK
9686,NEUSOFT XIKANG
9689,JTF INTL
9857,LINMON MEDIA
9877,JENSCARE-B
9882,BEST LINKING
9886,DINGDANG HEALTH
9900,GAIN PLUS HLDGS
9906,HONLIV HEALTH
9908,JIAXING GAS
9916,XINGYE WULIAN
9918,WISE ALLY INTL
9928,TIMES NEIGHBOR
9929,SEM HLDGS
9938,WAH WO HOLDINGS
9963,TRANSTECH
"Suspended
9968",HUIJING HLDGS
"Suspended
9977",FENGXIANG CO
9978,FINELAND LIVING
9983,CC NEW LIFE
"Suspended
9986",DASHAN EDU
9998,KWAN YONG
80737,BAY AREA DEV-R
81299,AIA-R
82020,ANTA SPORTS-R
82331,LI NING-R
86618,JD HEALTH-R
